specimen,group,cranium,mandible,dentition,Ag,Cranial capacit,GOL,NOL,M2. Glabella-inion length,Glabella-sphenobasion lengt,Glabella-bregma chord. g-b chord,g-b/g-op. Glabella-bregma chord inde,Length of basal tempora,BTL/g-op. Basal temporal length index,Entire temporal bone lengt,ETL/g-op. Entire temporal bone length inde,BNL,M5(1). Nasion-opisthion length,M6. ba-sphba. Basilar length,FOL,XCB,M8c. Squama suture breadt,Maximum cranial breadth at supramastoid crest. Cranial vault,"Maximum biparietal breadth (Rightmire et al., 2006). Cranial vault. BP",Ratio. Maximum biparietal breadth / maximum bimastoid breadt,M9. ft-ft. Least frontal breadth. Frontal,Postorbital constriction index. M9/M4,XFB,STB,AUB,M11b. Biradicular breadt,ASB,WCB,M16. Foramen magnum breadth,BBH,MDB,Maximum mastoid widt,MDH,Minimum distance between the mastoid and supramastoid crest,Maximum bimastoid breadt,M20. Porion-bregmatic projective height,AVH. Auriculare-vertex projective heigh,Biporion breadth. Cranial vault,Porion-basion projective heigh,FRC,FRF,FRF/M29. Nasion-subtense fraction relative to the frontal sagittal chord,Metopion subtense. Frontal,Metopion subtense/M29. Metopion subtense relative to the nation-bregma chord,Lower frontal inclination angle (m-g-i,PAC,M30(2). Bregma-sphenion chord (b-sphn),M30(3). Lambda-asterion chord (l-ast),ASI. Asterion-inion chor,M30c. Bregma-asterion chord (b-ast). Parietal,Parietal chord index. M30/M,OCC,M31(1). LIC. Lambda-inion chord (l-i,Lambda-opisthocranion chor,M31(2). Inion-opisthion chord (i-o,Ratio. M31(1)/M31(2). Length of occipital (lambda-inion) plane compared to nuchal (inion- opisthion) plane. X100,Opisthocranion-opisthion chor,Sphenobasion-opisthion lengt,M32(1). Frontal inclination angle (b-n-i). Frontal,M32(2). Bregma angle (b-g-i). Frontal,FRA,OCA,PAA,M33(4). Lambda-inion-opisthion angle (l-i-o,"Temporal squama length (Martı́nez and Arsuaga, 1997)","Temporal squama height (Martı́nez and Arsuaga, 1997)","Temporal squama angle (Martı́nez and Arsuaga, 1997)",Temporal muscle attachment heigh,Temporal muscle attachment lengt,Temporal muscle attachment length inde,Transverse tympanic widt,Tympanic axis angl,Tympanic axis lengt,Petrous axis angl,Petrous axis lengt,Tympanic angl,Postglenoid-ectoglenoid lengt,Postglenoid-entoglenoid lengt,Ectoglenoid-entoglenoid lengt,Chord length of the parietomastoid suture. Incisura parietalis - asterion,Occipital height (l-sphba,Occipital subtens,Occipital plane inde,Inion-endinio,BPL,M43. FMT. Bi-frontomalare temporale breadth (fmt-fmt). Frontal,FMB,NAS,M43b/M43a. Nasion-frontal subtense relative to the bifrontal breadth,Frontal. Supraorbital torus breadth. XSO,EKB,Supraorbital torus thickness central. Frontal,Supraorbital torus thickness lateral. Frontal,Supraorbital torus thickness medial. Frontal,ZYB,JUB,ZMB,Facial proportion. M46b/M4,Temporal gutter angl,NPH,M48(1). Nasospinale-prosthion distance (ns-pr,M74. Upper facial angle. Nasion-prosthion relative to the F,M74(1). Clivus-alveolar plane angl,Nasiospinale-alveolare lengt,Nasiospinale-alveolare angl,WMH,DKB,M50. IOW. Anterior interorbital breadth (mf-mf,M51. Orbital breadth (mf-ek,OBB,OBH,NLB,M57(2). Upper nasal breadth of nasal bone,NLH,MAB,Maxilloalveolar lengt,Maxillary palate lengt,M63. Internal palatal breadt,External alveolar breadth at canine leve,External alveolar breadth at P3 leve,Exteranal alveolar breadth at P4 leve,External alveolar breadth at M1/M2 leve,M61 relative to the external palatal breadth at the canine level,M61 relative to the external palatal breadth at the P3 level,SSA,Subspinale subtens,NFA,Width of nasal bridge. Rightmire 199,Nasal bridge height. Rightmire 1998,Nasal bridge index. Rightmire 1998,Nasal bridge angle. Rightmire 1998,XML,"Maximum malar height (Rightmire et al., 2006",Zygomaxillare anterior-zygoorbitale (zm:a-zo,MLS,IZM height. Inferior zygomatic margin height,Malar angle. Posterior-inferior angle between the Frankfurt horizontal and the chord connecting the most inferior-lateral point of the orbit and the most inferior point on the malaria-maxillary suture,bimandibular fossa breat,Mandibular fossa dept,Midfacial prognathis,M66. Bigonial breadth. go-go. Mandible,M71a. Minimum ramus width,Gonion coronoid heigh,Gonion condylar heigh,Gonion-notch heigh,Notch widt,Notch depth,Condylar neck lengt,Coronoid lengt,Coronoid widt,M79. Ramus angle. Angulus mandibularis,M79(1b). Angle of chin to alveolar plane (degree),Pogonion-gonion lengt,Infradentale-gonion lengt,Infradentale to the posterior edge of the last molar at the alveolar level,Infradentale to the coronoid tip,Pogonion to the posterior edge of the last molar at the alveolar level,Mandibular corpus height at canine,Mandibular corpus height at p3,Mandibular corpus height at p4,Mandibular corpus height at m1,Mandibular corpus height at m2,Bimental breadth,Bicoronoid breadth,Binotch breadt,Biramus breadth at the alveolar margin,Biramus breadth at the lateral prominence,Condyle articular facet breadt,External breadth at i2/canine along the alveolar margin,External breadth at canine along the alveolar margin,External breadth at p3 along the alveolar margin,External breadth at p4 along the alveolar margin,External breadth at m1 along the alveolar margin,External breadth at m2 along the alveolar margin,External breadth at m3 along the alveolar margi,Internal breadth at canine along the alveolar margin,Internal breadth at p3 along the alveolar margin,Internal breadth at p4 along the alveolar margin,Internal breadth at m1 along the alveolar margin,Internal breadth at m2 along the alveolar margin,Maximum thickness of the mandibular corpus at the canine leve,Maximum thickness of the mandibular corpus at the p3 leve,Maximum thickness of the mandibular corpus at the p4 leve,Maximum thickness of the mandibular corpus at the m1 leve,Maximum thickness of the mandibular corpus at the m2 leve,Alveolar length of incisor region along the alveolar margi,Alveolar length of canine-premolar region along the alveolar margi,Alveolar length of molar region along the alveolar margi,Symphysis height (id-gn),Symphysis widt,Dental. Upper I1. Mesiodistal length,Dental. Upper I1. Buccolingual width,Dental. Upper I1. Width/length,Dental. Upper I1. Area relative to M1. LxW of I1 / LxW of M,Dental. Upper I1. Labial convexity. ASUDAS grades. UI1L,Dental. Upper I1. Lingual shoveling. ASUDAS grades. UI1S,Dental. Upper I1. Labial shoveling. ASUDAS grades. UI1D,Dental. Upper I1. Tuberculum Dentale. ASUDAS grades. UI1T,Dental. Upper I2. Mesiodistal length,Dental. Upper I2. Buccolingual width,Dental. Upper I2. Width/length,Dental. Upper I2. Area relative to I1. LxW of I2 / LxW of I,Dental. Upper I2. Labial convexity. ASUDAS grades as UI1LC,Dental. Upper I2. Lingual shoveling. ASUDAS grades. UI2S,Dental. Upper I2. Labial shoveling. ASUDAS grades. UI2D,Dental. Upper I2. Tuberculum Dentale. ASUDAS grades. UI2T,Dental. Upper canine. Mesiodistal length,Dental. Upper canine. Buccolingual width,Dental. Upper canine. Width/length,Dental. Upper canine. Area relative to M1. LxW of C1 / LxW of M,Dental. Upper canine. Tuberculum Dentale. ASUDAS grades. UCT,Dental. Upper canine. Mesial marginal ridge. ASUDAS grades. UCM,Dental. Upper canine. Distal marginal ridge. ASUDAS grades. As UCM,Dental. Upper canine. Distal accessory ridges. ASUDAS grades. UCD,Dental. Upper P3. Mesiodistal length,Dental. Upper P3. Buccolingual width,Dental. Upper P3. Width/length,Dental. Upper P3. Area relative to M1. LxW of P3 / LxW of M,Dental. Upper P3. Mesial accessory ridges. ASUDAS grades. UP3M MXPA,Dental. Upper P3. Distal accessory ridges. ASUDAS grades. UP3D MXPA,Dental. Upper P4. Mesiodistal length,Dental. Upper P4. Buccolingual width,Dental. Upper P4. Width/length,Dental. Upper P4. Area relative to M1. LxW of P4 / LxW of M,Dental. Upper P4. Mesial accessory ridges. ASUDAS grades. UP4M MXPA,Dental. Upper P4. Distal accessory ridges. ASUDAS grades. UP4D MXPA,Dental. Upper M1. Mesiodistal length,Dental. Upper M1. Buccolingual width,Dental. Upper M1. Width/length,Dental. Upper M1. Metacone size. ASUDAS grades. UM1M,Dental. Upper M1. Hypocone size. ASUDAS grades. UM1H,Dental. Upper M1. Cusp 5 size. ASUDAS grades. UM1C,Dental. Upper M1. Carabelli's cusp. ASUDAS grades. UM1C,Dental. Upper M1. Mesostyle size. ASUDAS grades. UM1P,Dental. Upper M1. Enamel Extension. ASUDAS grades. UME,Dental. Upper M2. Mesiodistal length,Dental. Upper M2. Buccolingual width,Dental. Upper M2. Width/length,Dental. Upper M2. Area relative to M1. LxW of M2 / LxW of M,Dental. Upper M2. Metacone size. ASUDAS grades. UM2M,Dental. Upper M2. Hypocone size. ASUDAS grades. UM2H,Dental. Upper M2. Cusp 5 size. ASUDAS grades. UM2C,Dental. Upper M2. Carabelli's cusp. ASUDAS grades. UM2C,Dental. Upper M2. Mesostyle size. ASUDAS grades. UM2P,Dental. Upper M2. Enamel Extension. ASUDAS grades. UME,Dental. Upper M3. Mesiodistal length,Dental. Upper M3. Buccolingual width,Dental. Upper M3. Width/length,Dental. Upper M3. Area relative to M1. LxW of M3 / LxW of M,Dental. Upper M3. Metacone size. ASUDAS grades. As UM2M,Dental. Upper M3. Hypocone size. ASUDAS grades. As UM2H,Dental. Upper M3. Cusp 5 size. ASUDAS grades. As UM2C,Dental. Upper M3. Carabelli's cusp. ASUDAS grades. As UM2C,Dental. Upper M3. Mesostyle size. ASUDAS grades. As UM2P,Dental. Upper M3. Enamel Extension. ASUDAS grades. UME,Dental. Lower i1. Mesiodistal length,Dental. Lower i1. Buccolingual width,Dental. Lower i1. Width/length,Dental. Lower i1. Area relative to m1. LxW of i1 / LxW of m,Dental.Lower i1. Lingual shoveling. ASUDAS grades. LI1S,Dental. Lower i2. Mesiodistal length,Dental. Lower i2. Buccolingual width,Dental. Lower i2. Width/length,Dental. Lower i2. Area relative to i1. LxW of i2 / LxW of i,Dental. Lower i2. Area relative to m1. LxW of i2 / LxW of m1,Dental. Lower i2. Lingual shoveling. ASUDAS grades. LI2S,Dental. Lower canine. Mesiodistal length,Dental. Lower canine. Buccolingual width,Dental. Lower canine. Width/length,Dental. Lower canine. Area relative to m1. LxW of c1 / LxW of m,Dental. Lower canine. Distal accessory ridge. ASUDAS grades. LCD,Dental. Lower p3. Mesiodistal length,Dental. Lower p3. Buccolingual width,Dental. Lower p3. Width/length,Dental. Lower p3. Area relative to m1. LxW of p3 / LxW of m,Dental. Lower p3. Lingual cusp complexity. ASUDAS grades. LP3L,Dental. Lower p4. Mesiodistal length,Dental. Lower p4. Buccolingual width,Dental. Lower p4. Width/length,Dental. Lower p4. Area relative to m1. LxW of p4 / LxW of m,Dental. Lower p4. Lingual cusp complexity. ASUDAS grades. LP4L,Dental. Lower m1. Mesiodistal length,Dental. Lower m1. Buccolingual width,Dental. Lower m1. Width/length,Dental. Lower m1. Anterior Fovea. ASUDAS grades. LM1A,Dental. Lower m1. Deflecting wrinkle on the hypometacristid (a ridge on the buccal side of the metaconid). ASUDAS grades. LM1D,Dental. Lower m1. Protostylid. ASUDAS grades. LM1P,Dental. Lower m1. Metastylid. LM1C,Dental. Lower m1. Enamel Extension. ASUDAS grades. LME,Dental. Lower m2. Mesiodistal length,Dental. Lower m2. Buccolingual width,Dental. Lower m2. Width/length,Dental. Lower m2. Area relative to m1. LxW of m2 / LxW of m,Dental. Lower m2. Anterior Fovea. ASUDAS grades. As LM1A,Dental. Lower m2. Deflecting wrinkle on the hypometacristid (a ridge on the buccal side of the metaconid). ASUDAS grades. As LM1D,Dental. Lower m2. Protostylid. ASUDAS grades. LM2P,Dental. Lower m2. Metastylid. LM2C,Dental. Lower m2. Enamel Extension. ASUDAS grades. LME,Dental. Lower m3. Mesiodistal length,Dental. Lower m3. Buccolingual width,Dental. Lower m3. Width/length,Dental. Lower m3. Area relative to m1. LxW of m3 / LxW of m,Dental. Lower m3. Anterior Fovea. ASUDAS grades. As LM1A,Dental. Lower m3. Deflecting wrinkle on the hypometacristid (a ridge on the buccal side of the metaconid). ASUDAS grades. As LM1D,Dental. Lower m3. Protostylid. ASUDAS grades. As LM1P,Dental. Lower m3. Metastylid. As LM1C,Dental. Lower m3. Enamel Extension. ASUDAS grades. LME,Dental. BPh I. Relative wear areas of buccal phase I,Dental. LPh I. Relative wear areas of lingual phase I,Dental. Ph II. Relative wear areas of phase II,Dental. Ve. Volume of enamel cap (mm3),Dental. Vc. Total crown volume (mm3),Dental. Vcdp. Volume of the crown dentine and pulp (mm3),Dental. Vcdp/Vc. Relative size of dental and pulp,Dental. SEDG. Surface area of the enamel-dentine junction (mm2),Dental. 3D AET. Three dimensional average enamel thickness (mm),Dental. 3D RET. Three dimensional relative average enamel thickness (mm),Dental. LEA. Lateral enamel surface area (mm2),Dental. RA. Root surface area (mm2),Dental. CRR. Crown-root ratio. 
,,,,,,,1,1,1,1,1,1,1,1,1,1,1,1,1,1,1,1,1,1,1,1,1,1,1,1,1,1,1,1,1,1,1,1,1,1,1,1,1,1,1,1,1,1,1,1,1,1,1,1,1,1,1,1,1,1,1,1,1,1,1,1,1,1,1,1,1,1,1,1,1,1,1,1,1,1,1,1,1,1,1,1,1,1,1,1,2,2,1,,1,2,1,1,1,2,2,2,2,,2,2,2,2,2,2,2,2,2,2,2,2,2,2,2,2,2,2,2,2,2,2,2,2,2,2,2,2,2,2,2,2,2,2,2,2,2,2,1,1,2,3,3,3,3,3,3,3,3,3,3,3,3,3,3,3,3,3,3,3,3,3,3,3,3,3,3,3,3,3,3,3,3,3,3,3,3,3,3,3,3,3,3,3,3,3,3,3,3,3,3,4,4,4,4,4,4,4,4,4,4,4,4,4,4,4,4,4,4,4,4,4,4,4,4,4,4,4,4,4,4,4,4,4,4,4,4,4,4,4,4,4,4,4,4,4,4,4,4,4,4,4,4,4,4,4,4,4,4,4,4,4,4,4,4,4,4,4,4,4,4,4,4,4,4,4,4,4,4,4,4,4,4,4,4,4,4,4,4,4,4,4,4,4,4,4,4,4,4,4,4,4,4,4,4,4,4,4,4,4,4,4,4,4,4,4,4,4,4,4,4,4,4,4,4,4,4,4,4,4,4
,,,,,,,1,1,1,1,1,0,1,0,1,0,1,1,1,1,1,1,1,1,0,1,0,1,1,1,1,1,1,1,1,1,1,1,1,1,1,1,1,1,1,1,0,1,0,0,1,1,1,1,1,0,1,1,1,1,0,1,1,0,0,0,0,0,0,1,1,0,1,1,0,1,0,1,0,1,0,1,1,1,1,1,1,0,1,1,1,1,1,0,1,1,1,1,1,1,1,1,0,0,1,1,0,0,1,0,1,1,1,1,1,1,1,1,1,1,1,1,1,1,1,1,1,0,0,0,1,0,1,1,0,0,1,1,1,1,1,0,1,1,0,1,1,1,1,1,1,1,1,1,1,0,0,1,1,1,1,1,1,1,1,1,1,1,1,1,1,1,1,1,1,1,1,1,1,1,1,1,1,1,1,1,1,1,1,1,1,1,1,1,1,1,1,1,0,1,1,1,1,1,1,1,0,1,1,1,1,1,1,0,0,1,1,1,1,1,1,0,0,1,1,1,1,0,0,1,1,1,1,0,1,1,1,1,1,1,1,1,0,0,1,1,1,1,1,1,1,1,0,0,1,1,1,1,1,1,1,1,0,0,1,1,1,0,0,1,1,1,1,0,0,1,1,1,0,0,1,1,1,0,0,1,1,1,0,1,1,1,1,1,1,1,0,0,1,1,1,1,1,1,1,0,0,1,1,1,1,1,0,0,0,1,1,1,0,1,1,0,1,1,0
irhoud_1,EHS,1,0,0,315000,1375,198.9,192.6,198.9,,104.4,52.5,,,102,51.3,,,,,151.5,141.6,148.9,148.9,100.4,108.5,94.9,135.1,120.6,143.1,143,123.2,87.6,,,13.3,20.2,28.3,11.8,148.3,112.4,110.6,133.5,,107.7,39.7,36.9,22.1,20.5,73.1,122.7,96.2,91.6,76.8,144.3,61.7,,47.3,47.3,,,,,52.9,49.7,132.7,,150.3,,79.3,38.3,32,75.8,135.2,68,,,,,,,24.2,17.8,30.2,22.7,,,38.4,37.9,,127.2,113,19,16.8,128.3,114.3,13.1,17.2,18.8,,127.9,108.1,85,40.4,83.5,23,75.9,64.8,,,23.5,27.3,26.6,45.1,44.9,33.3,36,15.9,56.5,73.5,63.1,45,40.6,50.8,56.6,65.1,73.5,144.7,129.9,116.8,33.5,145.3,27.8,20.5,73.7,67.4,,48.7,32.9,,22.9,66.7,113.6,,16.7,,,,,,,,,,,,,,,,,,,,,,,,,,,,,,,,,,,,,,,,,,,,,,,,,,,,,,,,,,,,,,,,,,,,,,,,,,,,,,,,,,,,,,,,,,,,,,,,,,,,,,,,,,,,,,,,,,,,,,,,,,,,,,,,,,,,,,,,,,,,,,,,,,,,,,,,,,,,,,,,,,,,,,,,,,,,,,,,,,,,
irhoud_2,EHS,1,0,0,315000,1470,188.6,185.1,187.9,83.5,107.1,56.8,,,95.5,50.6,102.9,146,25.7,44,142.8,132.4,144.4,144.3,109.2,117,,130.5,129.5,140.1,140,116,76.7,30.8,124.3,13.8,15.7,29.5,13.2,132.2,107,96.5,129.8,17.9,108.6,53.7,49.4,24.5,22.6,76.7,121.3,96.7,80.6,71.1,140.6,64.3,75.9,44.2,30,48.4,91.3,58.7,68,55.6,53.6,131.2,109.2,143.9,109.2,69.8,38.6,38.5,68.1,114.2,60.6,,,,,,,,22.6,,25.7,117.2,26.1,38.1,32.7,,126.8,121,22.6,18.7,126.8,,14.9,11.1,16.7,,,,,62.2,,,,,,,,,,,,,,,,,,,,,,,,,,,,141,,,,,,,,,,,104.4,,,,,,,,,,,,,,,,,,,,,,,,,,,,,,,,,,,,,,,,,,,,,,,,,,,,,,,,,,,,,,,,,,,,,,,,,,,,,,,,,,,,,,,,,,,,,,,,,,,,,,,,,,,,,,,,,,,,,,,,,,,,,,,,,,,,,,,,,,,,,,,,,,,,,,,,,,,,,,,,,,,,,,,,,,,,,,,,,,,,,,
irhoud_dentation_and_mandible,EHS,0,1,1,315000,,,,,,,,,,,,,,,,,,,,,,,,,,,,,,,,,,,,,,,,,,,,,,,,,,,,,,,,,,,,,,,,,,,,,,,,,,,,,,,,,,,,,,,,,,,,,,,,,,,,,,,,,,,,,,,,,,,,,,,,,,,,,,,,,,,,,,,,,,,,,144,40.5,,75.8,58.5,,,26.3,,,102.5,68.3,116.5,128.5,78.9,,78.5,35.5,39.5,39.8,38.2,34,15.4,,123.5,94,96,22.8,31,40,52,59.9,68.5,67.8,81,25,36.9,42,44.9,50.2,15.5,13.5,14,17.7,22.7,14.1,34.8,37.5,45,,,,,,,,,,,,,,,,,,8.9,9.8,110.1,56.5,,,,,8.4,11.6,138.1,63.1,,,8.3,11.3,136.1,60.8,,,12.1,12.7,104.5,4.5,4.5,4.5,0.001,0.001,0.001,11.8,13.1,108.9,99.8,3.5,4.5,4.5,0.5,0.001,0.001,10,12.9,131.2,83.8,,,,,,,5.8,6.9,119,24.2,1,7.8,7.6,97.4,148.1,35.8,1.5,8.8,9.2,104.7,49.5,4.5,9.4,9.9,104.8,56.6,1,9.2,10.5,114.2,58.4,2,13.5,12.2,91.2,0.001,0.001,1,2,1,14.2,12.2,86.8,104.4,0.001,0.001,1.5,0.001,1,12.8,11.1,86.7,85.9,0.001,0.001,0.5,0.001,0.001,,,,,,,,,,,,,
florisbad,EHS,1,0,0,259000,1280,,,,,109.3,,,,,,,,,,,,,,,120.1,101.3,127.8,117.6,,,,,,,,,,,,,,,,111,51.1,46,20.2,18.2,,,,,,,,,,,,,,,,,139.5,,,,,,,,,,,,,,,,,,,,,,,,,132,118.6,25.4,21.4,132.1,118.6,8.9,11.3,17.4,,133.8,,,,,,,,,,,25,22.5,52,50,34,26,15,62,,,,,,,,,,,,,133.8,24,15.4,64.2,75.7,,45.4,34.5,,,74,,,5.5,,,,,,,,,,,,,,,,,,,,,,,,,,,,,,,,,,,,,,,,,,,,,,,,,,,,,,,,,,,,,,,,,,,,,,,,,,,,,,,,,,,,,,,,,,,,,,,,,,,,,,,,,,,,,,,,,,,,,,,,,,,,,,,,,,,,,,,,,,,,,,,,,,,,,,,,,,,,,,,,,,,,,,,,,,,,,,,,,,,,
omo_ii,EHS,1,0,0,195000,1491,214.6,207.5,195.9,,114.9,53.5,,,106.3,55.9,,157.1,,,145.8,143.6,147,140.8,100.5,107.7,,127.9,115.5,134.4,131.9,121,81,36,,17.6,21.2,29.4,16.8,140.1,112.2,111.6,127.3,,114.9,56,48.7,19.7,17.1,70.5,119.5,102.4,96.2,67.1,151.7,55.7,105.3,74.3,57.3,45,165.1,74,,58,55,141.9,106.3,144.2,106.3,79.3,36.9,30.8,104.1,166.3,77.5,23.4,89.7,22.6,123.7,7.4,33.8,19.5,19.1,26,26.9,,39.2,47.4,20.5,,106.2,98,12.8,13.1,109.4,,6.7,7.6,17,,,,,70.7,,,,,,,,,,,,,,,,,,,,,,,,,,,,151.5,,,,,,,,,,,101.2,10.7,,,,,,,,,,,,,,,,,,,,,,,,,,,,,,,,,,,,,,,,,,,,,,,,,,,,,,,,,,,,,,,,,,,,,,,,,,,,,,,,,,,,,,,,,,,,,,,,,,,,,,,,,,,,,,,,,,,,,,,,,,,,,,,,,,,,,,,,,,,,,,,,,,,,,,,,,,,,,,,,,,,,,,,,,,,,,,,,,,,,,
lh_18,EHS,1,0,1,135000,1237,203.3,200.8,196,105.5,108.4,53.3,101.5,50,93.5,40.6,,,,,135.7,129.8,135.1,135.7,103.4,99.9,,116.5,95.8,127.6,125,112.1,65.2,,,8.4,15.2,23.3,10.7,131.3,111.6,105,118.7,,113.7,53.2,46.8,18.4,16.2,65.9,120.6,90.4,83.9,65.8,136,59.3,,59.2,32.2,,,,,52.7,50.7,144,,143.4,,69.6,32.5,33.5,81.9,126.5,62.2,24.4,93.3,24.9,126.7,12.9,33.1,22.2,18,25.9,23.9,128,,28.7,,,119,,,,119,,12.4,,17.8,,,108,90.8,47.7,70.2,,89.5,62.6,22.4,60.5,25.5,24,22,,,39.5,30,13.5,51,65.6,57.8,41.4,34,43,51.5,57.5,63,152.6,127.4,121,27.9,,,,,,,,30.7,,23.6,,93.6,10.4,2,,,,,,,,,,,,,,,,,,,,,,,,,,,,,,,,,,,,,,,,,,,,,,,,,,,,,,,,,,,,,,,,,,,,,,,,,,,6.9,8.9,129,50.2,,,,,,,,,10.1,12.1,119.8,4.5,5.5,0.001,0.001,0.001,0.001,10.5,,,,,,,,0.001,0.001,10,12,120,98.2,,,,,0.001,0.001,,,,,,,,,,,,,,,,,,,,,,,,,,,,,,,,,,,,,,,,,,,,,,,,,,,,,,,,,,,,,,,,,
skhul_v,EHS,1,1,1,90000,1363,190,179.5,186.6,79.5,108.3,57,101.3,53.3,106.3,55.9,94.3,135.7,27.6,41.7,143.6,131.6,139.2,143.6,111.8,97.9,84.3,123.8,109.3,130.5,130.2,119.6,68.2,33,124.3,17.3,20,27.3,17,128.4,112.4,113.7,125.6,11.9,106.5,52.1,48.9,24,22.5,73.3,114.2,86.7,91.1,72.2,137.7,60.1,96.5,62.5,27.1,52.6,118.8,79.9,68.4,59.5,54.5,132.1,114.9,134.6,114.9,59,49.9,65.9,91.2,137.2,72.2,24.2,93.7,22.1,121.4,15.3,28.2,16.5,19.4,25.6,21.9,125.4,30.9,22.7,,111.7,122.2,116.2,13.9,12,121,116.1,7.8,6.5,12.5,142.8,128.9,111.7,91.4,52.8,78.6,,73,,,,26.3,24,22,47.2,45.5,34,,13,,67.3,62.5,45.7,44.4,42.5,51.2,57.8,66.7,158.4,131.4,,,163.6,,,,,41.7,47.8,,7.4,24.6,60.5,95.9,10,22.4,86.7,35.7,72.5,71.9,56.5,30.7,14.7,22.8,19.8,24.8,104.9,90.2,94,98.5,61.8,91.5,68.7,36.3,35,35.1,35.2,33.4,41.3,110,103.6,82.7,37.5,23.4,25.9,33.6,43.7,51.3,57.4,62.1,66.6,25.7,33,39.4,41.8,45.5,11.6,10.4,10.3,10.1,12.4,12.1,23.7,17.5,38.7,12.3,9.7,6.7,34.5,46.6,2,0.001,0.001,0.001,6.9,6.5,94.2,69,4,1.5,0.001,0.001,8.2,8.2,100,54.6,0.001,1,1,0.001,8.2,9.2,112.2,57,0.001,0.001,7.3,9.4,128.8,51.9,0.001,0.001,5.7,11.6,101.8,3.5,3.5,0.001,0.001,0,0.001,11.3,11.1,98.2,94.9,2.5,2.5,0.001,0.001,0.001,0.001,8.9,11.3,127,76.1,1.5,3,0.001,0.001,0.5,0.5,5.8,5.7,98.3,27.6,0.001,6.3,6,95.2,114.3,31.6,0.001,4.2,7.1,85.5,49.2,0.001,8,8.3,103.8,55.4,1.5,7.4,8.2,110.8,50.7,2,11.3,10.6,93.8,0.001,0.001,1,0.001,1,11.7,10.8,92.3,105.5,0.5,0.001,1,0.001,1,11.7,10.1,86.3,49.4,0.001,0.001,0.5,0.001,0.001,,,,,,,,,,,,,
skhul_ix,EHS,1,0,0,90000,1493.7,194,183.5,191.4,,107.1,55.2,,,,,,,,,153.4,,,153.4,,90.6,91.2,134.6,118.8,,,121.3,,,,,,,,,,,,,110.7,42.6,38.5,30.9,27.9,84.5,111.2,102,80.6,70.6,132.2,57.3,,64.7,43.8,,,,,59.7,54.2,119,,143.1,,,,,,,,,,,,,,,,,,,,36.1,,,107,94.2,10.8,11.5,109.2,99.3,8.9,11,13.5,,,,,,,,,,,,,22,20,48,48,40,,,60,,,,,,,,,,,,,153.4,12.8,17.8,139.1,42,,,,,,,,,,,,,,,,,,,,,,,,,,,,,,,,,,,,,,,,,,,,,,,,,,,,,,,,,,,,,,,,,,,,,,,,,,,,,,,,,,,,,,,,,,,,,,,,,,,,,,,,,,,,,,,,,,,,,,,,,,,,,,,,,,,,,,,,,,,,,,,,,,,,,,,,,,,,,,,,,,,,,,,,,,,,,,,,,,,,,,,,,,,,,
qafzeh_ix,EHS,1,0,0,90000,1497,191.8,189.6,184.7,75,109.9,57.3,88,45.9,84.4,44,,143.6,,,138.6,124.3,128.8,138.6,107.6,100.9,94.7,110.7,107.6,123.1,121.3,109.7,68.4,28.5,,15.9,16.8,25.7,17.6,124,114.5,112.4,115.8,,112.6,50.4,44.8,23.2,20.6,82.8,131.3,92.8,93.6,73.5,136.8,68.5,94.8,50.1,5.4,54.9,91.3,91.7,73.3,57.8,56.6,135.6,130.1,133.7,130.1,66.4,44.6,40.7,73.2,114.9,59.9,,96,,120.3,,22,14.2,19.5,22.9,18,136.5,21.7,4.9,,,109.5,107.7,21.1,19.6,109.5,106.5,2.9,2.9,14,129,123.6,111.8,102.1,48.7,72.1,17,76.4,56.7,20,66.1,25,,,46,46,33.5,33.2,,56.1,69,56.7,39,42,41.4,53.1,58.9,66.1,166.7,129.9,115.3,37.7,136.3,25.5,12.1,47.5,95.3,49,47.5,33.1,13.3,20.2,62.5,96.4,9.6,13.8,95.4,35.2,61.1,64.2,47.6,34.7,12.5,24.3,18.6,21.3,111.3,93.7,92.7,93.3,63.7,83.1,74.7,33.6,33.8,32.7,30.5,28.1,49.6,93.2,90.6,84.7,86.9,21.5,25.5,37.2,46.1,52.2,61,33.8,71.2,22.1,30.4,37.4,43.1,46.7,14.2,15.3,15.3,16.2,17.7,12.5,24.6,37.6,35.7,14.6,10.7,3.9,72.9,53.4,2.5,1.5,0.001,1,8.2,8.4,102.4,82.5,1,2.5,0.001,1.5,10.1,9.9,98,64,0.5,1.5,1,3,8.6,10.5,122.1,57.8,0.001,0.001,7.2,10,138.9,46.1,0.5,0.5,12.4,12.6,101.6,3,5.5,1.5,6.5,0.001,0.001,11.8,11.9,100.8,89.9,3.5,3.5,0.5,2.5,0.001,0.001,11.2,11.8,105.4,84.6,1.5,6,1.5,2.5,1.5,0.001,5.8,7,120.7,25.6,1,7.8,7.6,97.4,146,37.3,1,8.2,9.4,114.6,48.6,4,8.2,9.2,112.2,47.5,2,7.8,9.6,123.1,47.2,3.5,12.8,12.4,96.9,2,1,2.5,1.5,1,12.1,12,99.2,91.5,4,1,3,1.5,1,13.2,11.6,87.9,96.5,3,1,3,1.5,1,36.2,29.9,33.9,,,,,,,,,,
qafzeh_5_6_7_11_15_27,EHS,0,0,1,,,,,,,,,,,,,,,,,,,,,,,,,,,,,,,,,,,,,,,,,,,,,,,,,,,,,,,,,,,,,,,,,,,,,,,,,,,,,,,,,,,,,,,,,,,,,,,,,,,,,,,,,,,,,,,,,,,,,,,,,,,,,,,,,,,,,,,,,,,,,,,,,,,,,,,,,,,,,,,,,,,,,,,,,,,,,,,,,,,,,,,,,,,,,,,,,,,,,,,,,,,,,,,,,,,,,,,,,,,,,,,,,,,,,,,,,,,,,,,,,,,,,,,,,,,,,,,,,,,,,,,,,,,,,,,,,,,,,,,,,,,,,,,,,,,,,,,,,,,,,,,,,,,,,41.4,18.9,39.8,,,,,,,,,,
mladec_i,UPS,1,0,1,35000,1606,199.7,194.3,187.4,90.4,108,54.1,100.1,50.1,99.6,49.9,103.7,143.5,24,40.8,142.2,131.3,138.6,142.2,102.6,100.7,97.4,128.5,124.6,129,126.9,111.8,68.2,32.1,136.2,16.3,19.6,31.2,8.7,136.7,116.6,114.2,121.7,20.2,113,45,39.8,28.4,25.1,89,118.1,93.1,90.8,66.1,143.5,59.1,104.8,73.5,44,48.8,150.6,81.2,64,61.9,59,125.8,111.7,142.1,116.5,79,46,42.4,87.9,142,71.1,23.5,94.3,20.2,136.4,16,43.2,17.7,17.2,24.2,20.6,133.5,35.7,39.4,,107.4,110.5,103.2,15.3,14.8,109.4,103.4,4.3,6.4,17,133.4,113.6,106.3,96.2,51.5,69,15.1,80.7,71.4,18.2,95.7,20.9,21.1,17.3,44.3,42.6,29.8,25.7,10.3,54,66.5,62.4,38.9,39.7,38.7,50.9,55.2,64.5,171.8,130.6,125.8,29.7,148.4,17.6,14.5,82.4,64.9,53.5,20.9,29.8,11.4,26.7,42.7,103.5,9.8,11.1,,,,,,,,,,,,,,,,,,,,,,,,,,,,,,,,,,,,,,,,,,,,,,,,,,,,,,,,,,,,,,,,,,,,,,,,,,,,,,,,,,,,,,,10.8,11.7,108.3,4,3,1,0.001,0.001,0.001,10.5,11.5,109.5,95.6,4.5,0.001,0.001,0.001,0.001,0.001,,,,,,,,,,,,,,,,,,,,,,,,,,,,,,,,,,,,,,,,,,,,,,,,,,,,,,,,,,,,,,,41.7,32.1,26.1,,,,,,,,,,
mladec_ii,UPS,1,0,0,35000,1390,,,,,98.5,,97.5,,87.4,,,,,,140.6,136,138.9,140.6,101.2,95.4,,114.8,103.1,131.6,131,117.8,,,,11.4,16.1,21.8,12.2,137.1,114.5,107.7,128.8,,103.6,44.9,43.3,26.4,25.5,,108.8,93.4,86.9,,131.5,,,,,,,,,,,125.4,,132,,67.6,31.1,23.8,94.2,141.7,,,93.8,17.8,121.1,16.6,28.2,15.9,18.7,26.9,19.8,120.8,,,,,109.1,104,13.1,12.6,109.1,,3,3.4,14.7,,,,,,,,,,,,,26.7,21.4,,,,,10.7,,,,,,,,,,,,,,151.3,,,,,,,,,,,106.8,9.6,,,,,,,,,,,,,,,,,,,,,,,,,,,,,,,,,,,,,,,,,,,,,,,,,,,,,,,,,,,,,,,,,,,,,,,,,,,,,,,,,,,,,,,,,,,,,,,,,,,,,,,,,,,,,,,,,,,,,,,,,,,,,,,,,,,,,,,,,,,,,,,,,,,,,,,,,,,,,,,,,,,,,,,,,52.5,15.6,31.9,,,,,,,,,,
mladec_v,UPS,1,0,0,35000,1575,205,197.4,194.7,97,115.9,56.5,112.5,54.9,108.8,53.1,,,,,145.9,135.9,138.6,145.9,105.3,103,,129.8,107.9,130.6,129.4,109.5,,,,26.7,27,26.6,12.2,134.1,115,112.2,123.2,,116.6,48.4,41.5,31.8,27.3,91,117.5,92.9,89.5,57.2,149.1,57.3,,69.6,44.5,,,,,57.5,54.4,121.8,,140,,75.2,38.8,35.1,90.5,148.9,72.6,23.7,106.5,24.1,125.7,20.6,20.3,20.1,21.6,30,33.7,,,40.6,,,119.5,108,16,14.8,119.5,,10.3,7.6,19.6,,,,,48.5,,,,,,,,21.9,21.6,,,,,13,,,,,,,,,,,,,,,,,,,,,,,,,98.3,12.5,,,,,,,,,,,,,,,,,,,,,,,,,,,,,,,,,,,,,,,,,,,,,,,,,,,,,,,,,,,,,,,,,,,,,,,,,,,,,,,,,,,,,,,,,,,,,,,,,,,,,,,,,,,,,,,,,,,,,,,,,,,,,,,,,,,,,,,,,,,,,,,,,,,,,,,,,,,,,,,,,,,,,,,,,,,,,,,,,,,,,
mladec_vi,UPS,1,0,0,35000,,201.2,193.6,198,,118,58.6,,,,,,,,,160,152.7,161.3,157.3,97.5,,,126.7,114.1,,,125.9,,,,,,,,,,,,,120.1,65.7,54.7,26.5,22.1,80.9,118.6,,84.6,74.1,145.1,58.9,,62.6,53.3,,,,,59.3,56.5,133.1,,133,,,,,,,,,,,,,,,,,28.6,,,42.3,,,,,,,,,6.4,,18.3,,,,,,,,,,,,,31.6,26.2,,,,,16.3,,,,,,,,,,,,,,,,,,,,,,,,,,,,,,,,,,,,,,,,,,,,,,,,,,,,,,,,,,,,,,,,,,,,,,,,,,,,,,,,,,,,,,,,,,,,,,,,,,,,,,,,,,,,,,,,,,,,,,,,,,,,,,,,,,,,,,,,,,,,,,,,,,,,,,,,,,,,,,,,,,,,,,,,,,,,,,,,,,,,,,,,,,,,,,,,,,,,,,,,,,,,,,,
cro_magnon_i,UPS,1,0,1,31000,1574,204.3,197.3,194.6,83.5,121.5,59.5,108,52.9,107.1,52.4,101.8,145.5,28.6,43.8,151.8,129.5,137.6,151.8,110.3,103.6,94.1,133.5,109.6,126.7,125.3,115.2,74.5,32.8,135.4,22.8,23.1,28,15.4,133.6,124.4,121.3,119.8,18.2,124.8,52.3,41.9,33.4,26.8,88.4,120.3,104.7,90.7,64.7,151.1,58.9,101.1,62.9,50.9,54.5,115.4,70.4,71.5,56.5,54.3,123.9,112.2,136.1,119.4,82.8,40.5,35.1,100.1,146.9,71.9,19.3,104.3,21,135,19,30.4,23.6,19.3,24.3,24.3,137.7,32.9,44.2,,104,117.7,109.9,18.7,17,117.7,110.1,4.8,6.8,17.1,137,127.3,99.8,84.8,58.8,68.5,15.4,84.9,63.3,18.1,79.7,26.6,25.8,21.4,48.5,46.7,27.5,24.6,10.5,53.9,65,54.9,44,38.1,48.3,52.9,56.3,66.7,134.6,122.9,124.1,27.1,141.7,20.5,13.2,64.4,78.7,67,44.3,43.2,17.1,18.8,65.7,91.1,13.5,4.1,109.2,44.2,,,45.6,,,,,,122.5,108.8,107.1,97.2,59.1,,76,38.3,19.9,37.7,36.4,38.5,45.2,,112,94.8,89.4,,21.2,29.3,41.2,48.7,55.8,72.3,78.1,9.5,28.5,37.3,45.6,55,12.7,13.2,13.5,15.9,18.5,8.1,21.1,35.4,38.6,23.8,,,,,,,,,,,,,,,,,,,,,,,,,,,,,,,,,,,,,,,,,,,,,,,,,,,,,,,,,,,,,,,,,,,,,,,,,,,,,,,,,,,,,,,,,,,,,,,,,,,,,,,,,,,,,,,,,,,,,,,,,,,,,,,,,,
cro_magnon_ii,UPS,1,0,0,31000,,193,185.5,,,112.5,58.3,,,,,,,,,138.6,128.2,135.2,138.6,102.5,98.9,97.2,123.2,122.8,120.5,,106,69,,,15.6,19.1,28,15.5,129.8,118.4,120.1,119.4,25.9,117.7,49.5,42.1,31.4,26.7,,121.5,99.7,94.5,,147.4,63,,,39.5,,,,,,,123.2,,138.7,,,38.6,36,88,132.3,68.5,15.2,97.4,15.3,122.6,13.3,25.2,,,,23.3,,,37.3,,,107,101.3,13.8,13.6,107,101.7,4,7.3,14.6,,112.4,99.2,92.7,62,64,12,76.2,64.4,13,75.6,26.4,24.8,21.3,43.5,40.8,29.4,26.7,11.4,50.9,65,51.5,43,37.3,44.1,53.6,56.7,63.4,147.4,121.3,114.4,33.6,149.5,22.7,9.2,40.5,108.5,,41.5,37.3,,16.6,57.9,,,13.4,,,,,,,,,,,,,,,,,,,,,,,,,,,,,,,,,,,,,,,,,,,,,,,,,,,,,,,,,,,,,,,,,,,,,,,,,,,,,,,,,,,,,,,11.5,12.7,110.4,3,4.5,,0.001,0.001,0.001,10,13,130,89,3.5,3.5,0.001,0.001,0.001,0.001,,,,,,,,,,,,,,,,,,,,,,,,,,,,,,,,,,,,,,,,,,,,,,,,,,,,,,,,,,,,,,,,,,,,,,,,,,,
cro_magnon_iii,UPS,1,0,0,31000,1813,204.3,198.4,189,,124.4,60.9,,,,,,,,,154,146.9,143.4,154,107.4,98.6,,128.7,106.7,,,113.4,,,,,,,,,,,,,127.9,58,45.3,33.5,26.2,90.5,125.7,106.4,82,65.4,144.4,61.5,,69.8,27,,,,,60.4,58.2,125.2,,143.5,,,,,,144.1,70.5,,,,,,,,,,24.8,,,23.8,,,114.9,102.6,13.1,12.8,114.9,,7.2,8.1,11.5,,,,,,,,,,,,,25.2,19.3,,,,,12,,,,,,,,,,,,,,,,,,,,,,,,,,,,,,,,,,,,,,,,,,,,,,,,,,,,,,,,,,,,,,,,,,,,,,,,,,,,,,,,,,,,,,,,,,,,,,,,,,,,,,,,,,,,,,,,,,,,,,,,,,,,,,,,,,,,,,,,,,,,,,,,,,,,,,,,,,,,,,,,,,,,,,,,,,,,,,,,,,,,,,,,,,,,,,,,,,,,,,,,,,,,,,,
oase,UPS,1,0,1,40440,1450,193.7,192.4,185.2,85.2,112,57.8,105,54.2,100.6,51.9,,140.1,,,132.3,125.5,128.8,132.3,102.7,95.6,90.3,111.2,105.7,122.9,122.7,109.2,71,,,13.4,14.3,24.5,8.9,130.1,116.6,113.7,120.1,,117.3,51.9,44.2,20.1,17.1,77.2,122.2,98.7,81.6,62.9,133.3,63.1,99.7,57.7,32.7,56.4,102.3,79.5,60.1,56.1,55.4,141.8,120.9,133.5,122.2,73.9,39.8,35.8,84.6,132.1,68.2,18.3,97.7,18.5,133.5,12.2,35.5,19.4,17.4,20.1,26.7,131.1,28.1,29.9,,,110.6,105.1,20.6,19.6,110.6,105.9,4.4,4.3,12.8,129,119.4,102.2,92.4,52.9,66.8,15,82.7,71.5,19,83.4,25,23.9,21.4,46,44,32.8,26.5,11.2,51.3,70.9,59,39.3,43.9,41.1,55.5,62.6,70.8,172.5,127.7,124.7,27.8,136.5,19.4,11.4,58.8,77,55.8,43.8,34.9,11.8,22.3,71.1,99.4,10.2,6.6,107.9,44.8,68.9,62.7,47.7,37.7,17.7,29.7,22.6,24.6,96,93.7,106.7,107,60.7,83.8,68,30,31.6,31,30.7,28.2,45.2,103.9,101,82.4,80.4,23.2,18.8,31,38.6,44.8,55.3,64.8,71.2,18.3,27.6,34.2,41.1,48.6,9.3,9.9,9.8,10,11,9.4,19.6,36.3,32.2,14,,,,,,,,,,,,,,,,,,,,,,,,,,,,,,,,,,,,,12.4,13.7,110.5,5,4.5,1.5,0.001,0.001,0.001,14.1,14,99.3,116.2,3.5,3.5,2.5,0.001,0.001,0.001,12.8,13.4,104.7,101,2,3.5,5.5,0.001,4,0.001,,,,,,,,,,,,,,,,,,,,,,,,,,,11.4,10.7,93.9,1.5,0.001,1,0.001,1,11.6,10.9,94,103.7,2,0.001,1,0.001,1,13.5,11,81.5,121.7,2.5,1,2,1.5,1,,,,,,,,,,,,,
upper_cave_101,UPS,1,1,1,27000,1500,205.8,199.7,201.5,95.8,110.9,53.9,95,46.2,91,44.2,112.2,149.5,26.2,39.6,145,128.1,144.9,145.1,103.9,109.3,97.6,131.9,120.3,138.4,138.4,128.1,72.4,35.7,137.2,17.4,20.6,31.7,16.9,139.6,112.9,111.3,119.3,19.1,114.7,56.1,48.9,24.1,21,73.8,124.2,93.3,96.8,79.3,144.4,60.3,97.2,62.5,50.2,54.7,114.3,68.3,64.9,57.2,54.5,143.9,109.4,135.8,110.5,70.2,58.4,45.7,100.8,152.3,74,25.4,90.5,25.7,133,17.2,41.3,19.6,18.9,27.8,17.4,132.1,34,39.2,,107.5,119.6,111.2,20.4,18.3,119.5,112,11.6,13.7,19.4,140,127.9,109.3,91.4,64.7,76.4,15,88.9,76.7,17.8,92.8,27.7,21.7,17.8,49.2,46,33.1,33.3,15,61,70,57.5,43.4,45.3,42.8,52.3,58.7,68.8,163.6,133.8,126,26.5,140.8,17.5,12.7,72.6,68.4,69,47.8,39.7,18,21.8,73.2,104.9,7.9,1.3,110.8,41.1,62.9,52.3,41.8,39.2,12.1,19.8,26.5,29.3,113.4,106.3,108.3,102.6,55.6,82.2,67.9,33.7,35.2,34.8,33.6,32.5,48.6,107.1,104.8,85.8,85.5,24.4,18.6,29.9,39.4,46.8,58.8,67.4,68.2,19.3,27.7,33.6,41.4,48.9,11.1,12.2,12,11.9,15.4,9.4,20,32.3,38.2,16.9,8.2,7.2,88.4,53,4.5,,0.001,0.001,7.5,6.4,81.3,43.1,5,,0.001,0.001,7.8,8.8,111.7,61.8,,1,1,0.001,6.7,9.7,151.4,56.2,,,6.3,9.8,156,55.2,,,9.3,11.9,111.2,4.5,4.5,0.5,0.001,0.001,0.001,9.3,12.53,130.52,108.2,3.5,3.5,0.001,0.001,0.001,0.001,7.9,11.5,146.4,82,2.5,1.5,0.5,0.001,0.001,0.001,,,,,,,,,,,,6.9,8.3,120.3,51,,6.9,8.1,117.4,49.7,,6.6,8.3,125.8,48.8,,10.7,10.5,98.1,,,,,0.001,11,10.5,95.5,102.8,0.5,,1,0.001,0.001,10.9,10,91.7,97,0.5,0.001,1,0.001,0.001,,,,,,,,,,,,,
upper_cave_103,UPS,1,0,1,27000,1295,185.9,179,181.6,91.8,98.6,53,94,50.6,91.7,49.3,103.7,142,26.1,43.2,128.3,122.5,128.3,131.7,102.7,102.5,97,123.3,108.9,122.9,122.2,105.4,65.9,32.6,143.1,12.1,15.7,24.5,12.1,123.4,120.7,115.6,117.7,,108.1,45.9,42.5,25.1,23.2,90.2,121.7,97,80.7,63,143.3,65.5,93.2,57.6,43.9,47.7,120.8,61.6,65.5,61.7,58.1,129.7,122.5,136.4,124.6,72.4,42.8,34.5,94.3,140.9,75.8,15.7,95,15.4,131,13.3,36.4,19.1,19.4,25.6,19.4,127.7,25.5,41.7,,106.1,120.1,105.3,13,12.3,120.1,105.7,5.7,8.9,15,140,127.8,109.5,91.2,73,68.4,12.1,76.4,67.5,13.8,74.5,23.4,21.3,19.6,44.5,43.5,31.4,26.3,11.4,54.1,65.8,58.6,39.5,38.1,43,51.3,57.8,64.8,153,128.3,127.4,29.6,151.8,19.8,15.4,77.8,65.7,66.3,46,34.3,19.7,18.7,73.3,94.8,10.8,14,,,,,,,,,,,,,,,,,,,,,,,,,,,,,,,,,,,,,,,,,,,,,,,,,,,,,,,,,,,,,,,,,,,8.3,10,120.5,64.2,,1,1,0.001,,,,,,,,,,,,,10.6,12.2,115.1,4.5,4.5,0.5,0.001,0.001,0.001,10.1,11.7,115.8,91.4,3.5,3.5,0.001,0.001,0.001,0.001,,,,,,,,,,,,,,,,,,,,,,,,,,,,,,,,,,,,,,,,,,,,,,,,,,,,,,,,,,,,,,,,,,,,,,,,,,,
liujiang,UPS,1,0,1,67000,1567,190.5,187.1,178.1,92.7,117.5,61.7,94.6,49.7,92.5,48.6,104.4,139,18.2,37.1,143.4,130.8,137.1,143.4,114,95.5,94.1,126.6,122.1,126.6,125.9,111,67.8,31.5,135.4,16.1,18.6,25.6,7.8,125.8,117.3,114.2,116.1,9.1,118.6,52,43.8,28.7,24.2,82.7,118,99.6,82.1,67,131.5,30.9,93.7,57.3,25.2,47.2,121.4,78.7,52.2,57.4,55.6,128.6,122.9,134,126.9,67.7,48.2,44,95.7,139.6,73.3,29.7,91,22.1,120.5,16.7,29.1,20.4,15.6,23.3,24.8,119.4,25.6,22.7,,100.9,107.6,100.1,15,15,107.7,101.5,6.6,7,15.7,132,119.42,96.7,89.9,69.3,63.5,13.8,86.7,66.4,17.5,85,21.9,27.2,19.6,43.6,38.5,29.6,27.3,11.3,49.6,64.4,52.5,34,20.1,43.5,52.5,58,63.7,148,122.7,131.3,22.1,146.6,24.5,15.8,64.5,74.1,54.5,41.5,31.7,13.7,16.9,63.9,100.1,9.9,3.8,,,,,,,,,,,,,,,,,,,,,,,,,,,,,,,,,,,,,,,,,,,,,,,,,,,8.9,8.1,91,57.6,3,5,0.001,2,7.1,7.3,102.8,71.9,4,5,0.001,2,8.1,9.4,116,60.8,1,0.5,0.5,,7.6,10.6,139.5,64.4,0.001,0.001,7.6,10.2,134.2,62,0.001,0.001,9.7,12.9,133,5,3.5,0,0.001,1,1,9.8,13.1,133.7,102.6,4,4,0.5,0.001,0.001,0.001,,,,,,,,,,,,,,,,,,,,,,,,,,,,,,,,,,,,,,,,,,,,,,,,,,,,,,,,,,,,,,,,,,,,,,,,,,,
ate9_1,ANT,0,1,0,1020000,,,,,,,,,,,,,,,,,,,,,,,,,,,,,,,,,,,,,,,,,,,,,,,,,,,,,,,,,,,,,,,,,,,,,,,,,,,,,,,,,,,,,,,,,,,,,,,,,,,,,,,,,,,,,,,,,,,,,,,,,,,,,,,,,,,,,,,,,,,,,,,,,,,,,,,,,,,,,,,,,,,,,,,,,,,,,,,,,,,,,,,,,,,,,,,,,,,,,,,,,,,,,,,,,,,,,,,,,,,,,,,,,,,,,,,,,,,,,,,,,,,,,,,,,,,,,,,,,,,,,,,,,,,,,,,,,,,,,,,,,,,,,,,,,,,,,,,,,,,,,,,,,,,,,,,,,,,,,,,,
atd6_15_atd6_69_atd6_96,ANT,1,0,0,850000,1000,,,,,89,,,,,,,,,,,,,,,97.5,97.5,110,100,,,,79.5,,,,,,,,,,,,87.5,21.5,,,,,,,,,,,,,,,,,,,,117.5,,,,,,,,,,,,,,,,,,,,,,,,,112,110,17,,113.5,113.5,10.5,8.5,11,115,103,90,80.4,52,53,17,74.1,62.5,15.8,64.2,24,25,19.5,42,42.5,30,28,8,32.5,66,58.5,39.1,35.5,48.8,55,58.2,62.7,135.2,1.2,115.5,32,148.2,,,,,42,39.5,28,6.5,12.2,55,,,24,,40.5,59.5,55.5,41.5,33,13.5,26.5,18.5,22.5,116.7,,100,103.5,63.69,72,72.5,26.5,26.5,27.5,28.5,27.5,50,116.5,113.5,98.5,97.5,21.5,22,34.5,45.5,53.5,62.5,72.5,75.9,21.5,23.5,37.5,40.5,49.5,13.5,14.5,14.5,16.6,18.5,11.5,24.5,31.5,,,,,,,,,,,8.3,8.2,98.8,,4,4.5,,3,,,,,1.5,2.5,2.5,0.2,8.8,11.8,134.5,72,0.5,0.5,,11.6,,,,,11.9,12.1,101,,,,,,,,,,,,,,,,,,,,,,,,,,,,,,,,,,,,,,,,,,,,,,,,,,,,,,,,,,,,,,,,,,,,,,,,,,,,,,,,,,,,,,,,,,,
Antecessor_dental,ANT,0,0,1,850000,1000,,,,,,,,,,,,,,,,,,,,,,,,,,,,,,,,,,,,,,,,,,,,,,,,,,,,,,,,,,,,,,,,,,,,,,,,,,,,,,,,,,,,,,,,,,,,,,,,,,,,,,,,,,,,,,,,,,,,,,,,,,,,,,,,,,,,,,,,,,,,,,,,,,,,,,,,,,,,,,,,,,,,,,,,,,,,,,,,,,,,,,,,,,,,,,,,,,2.5,2.5,0.001,0.5,8.2,8.4,103.2,,4,4.5,0.001,3.5,8.9,11,123.6,63,0.5,0.5,0.001,0.001,8.6,11.6,135,62.2,0.001,1,8.1,11.6,143.2,60.4,1,1,12.3,12.6,104.9,3.5,5,0.001,1,0.001,0.001,12.1,13.7,113.2,106.6,3.5,4,0.5,1,0.001,0.001,,,,,0.001,0.001,0.001,0.001,0.001,0.001,,7.6,,,1,7.2,7.4,103,,40.6,2.5,8.1,10,123.46,58.9,0.001,8.4,10.1,120.8,62.1,5,8,9.9,125.1,57.6,5,11.8,11.4,97.8,2,1.5,1,1.5,0.001,13.1,11.5,86.8,108,2,0.001,0.001,2,0.001,10.6,9.6,90.8,75.1,2,0.001,1,3,0.001,,,,,,,,,,,,,
peking_x,ERC,1,0,0,430000,1225,200.5,198.1,198.7,,109.9,,100,49.9,97.9,48.8,,,,,152.3,137.3,152.3,138.8,91.1,89.1,,110.6,89.9,145.6,144,113.4,,,,19.8,24.2,,10.8,146.9,108.8,106.5,132.4,,119.8,55.4,46.2,20,16.7,62.7,108.9,74.9,79.6,64.2,133.4,54.3,,54.9,48.9,,,,,49.1,47.3,142.9,,144.3,,72.6,45,36.2,83.7,133.9,66.8,30.1,83.1,27.4,102.9,19.2,21.4,,,,25.3,,,43.1,26.6,,119,112.3,19.5,17.4,118.6,112.3,12.5,13.5,19.1,,,,,,,,,,,,,25.4,,,,,,,,,,,,,,,,,,,,,,,,,,,,,,,107.8,,,,,,,,,,,,,,,,,,,,,,,,,,,,,,,,,,,,,,,,,,,,,,,,,,,,,,,,,,,,,,,,,,,,,,,,,,,,,,,,,,,,,,,,,,,,,,,,,,,,,,,,,,,,,,,,,,,,,,,,,,,,,,,,,,,,,,,,,,,,,,,,,,,,,,,,,,,,,,,,,,,,,,,,,,,,,,,,,,,,,,
peking_xii,ERC,1,0,0,430000,1030,192.6,189,191.2,,104.8,54.4,103,53.5,95.7,49.7,,145.4,,,147.8,134.7,149.2,140,93.8,91.8,,108.8,93.6,146,147.2,114.7,,,,17.2,21.8,,13.7,138.4,99.2,95.3,137,,111.5,53.1,47.6,17.9,16.1,59.8,90.9,87.6,88.9,72.4,130.4,47.2,84.1,60.3,57.5,52.8,114.2,56.3,,47.3,45.2,144.1,95.4,153.3,94.5,73.1,39.3,38.8,75.7,132,68.5,25.2,78.8,23.2,113.2,6.8,35.1,15.3,18.2,19.5,22.6,,38.1,50.1,,,117.7,107.1,18.2,17,116.9,107.1,14.4,12.4,18.9,145,123.3,,,,,,,,,,,24.4,18.7,46,41.5,,,16.3,,,,,,,,,,,,,,142.6,,,,,,,,,,,112.8,11,,,,,,,,,,,,,,,,,,,,,,,,,,,,,,,,,,,,,,,,,,,,,,,,,,,,,,,,,,,,,,,,,,,,,,,,,,,,,,,,,,,,,,,,,,,,,,,,,,,,,,,,,,,,,,,,,,,,,,,,,,,,,,,,,,,,,,,,,,,,,,,,,,,,,,,,,,,,,,,,,,,,,,,,,,,,,,,,,,,,,
peking_xiii,ERC,1,0,1,430000,,,,,,,,,,,,,,,,,,,,,,,,,,,,,,,,,,,,,,,,,,,,,,,,,,,,,,,,,,,,,,,,,,,,,,,,,,,,,,,,,,,,,,,,,,,,,,,,,,,,,,,,,,,,,,,,,,,60.3,60.3,,31.9,44.9,50,56.4,60.1,134.3,120.6,,,,,,,,,,,,,,,,,,,,,,,,,,,,,,,,,,,,,,,,,,,,,,,,,,,,,,,,,,,,,,,,,,,,,,,,,,,6.2,8.2,132.3,,,,,,,,,,,,,,8.8,11.6,131.8,80.7,,,6.6,11.2,169.7,58.4,,0.001,10.2,12.4,121.6,5,4.5,0.001,0.001,0.001,0.001,10.2,12.9,126.5,104,4.5,3.5,0.001,0.001,0.001,0.001,9.7,12.1,124.7,92.8,3.5,3.5,5.5,0.001,0.001,0.001,,,,,,,,,,,,,,,,,,,,,,,,,,,,,,,,,,,,,,,,,,,,,,,,,,,,,,,,,,,,,,,,,
peking_lii,ERC,0,0,1,430000,,,,,,,,,,,,,,,,,,,,,,,,,,,,,,,,,,,,,,,,,,,,,,,,,,,,,,,,,,,,,,,,,,,,,,,,,,,,,,,,,,,,,,,,,,,,,,,,,,,,,,,,,,,,,,,,,,,,,,,,,,,,,,,,,,,,,,,,,,,,,,,,,,,,,,,,,,,,,,,,,,,,,,,,,,,,,,,,,,,,,,,,,,,,,,,,,,,,,,,,,,,,,,,,,,,,,,,,,,,,,7,11.3,161.4,58.4,0.001,0.001,11.2,12.1,108,6,4.5,1.5,0.001,0.001,0.001,9.8,12.5,127.6,90.4,3.5,3.5,2,0.001,0.001,0.001,10.6,11.8,111.3,92.3,3.5,3.5,5.5,0.001,0.001,0.001,,,,,,,,,,,,,,,,,,,,,,,,,,,,,,,,,,,,,,,,,,,,,,,,,,,,,,,,,,,,,,,,,
peking_rc_1996,ERC,1,1,1,430000,1030,191.1,188.7,188.8,82,101.4,53.1,104,54.4,105.1,55,,144.1,,,145.2,138.5,145.2,138,95,85.8,,106,82.9,144.1,143.8,113.1,77.6,25.7,,15.8,22.2,18.9,14.6,138.2,101,97.3,134.7,,109.5,55.9,51.1,16.9,15.4,59.9,93.2,84.8,86.5,69.2,130.6,48.8,78.3,59.8,55.1,47.9,124.8,53.9,70,48.2,46.3,145.2,91.1,155.2,92.1,77.8,40.8,25.5,80.7,133.3,69.8,27.6,87.1,23.1,115.1,15.2,27.7,15.5,20.1,25.3,27.3,117,38.2,48.7,,,115.5,108.2,18.6,17.2,115.6,108.2,14.5,12.7,17.4,145,123.6,104.4,90.4,34.4,75.5,,80.5,,,,26.8,24.8,21.8,44.8,42.9,35.6,32.3,16.1,61,67.1,63.4,39,38.1,42.9,51.5,56.4,64.6,156.4,130.3,106,39.5,142.3,22.7,14.8,65.2,74.6,44.5,48.3,34.4,7.1,15.6,59.7,106.9,10.4,12.2,93.9,40.7,71.5,63.8,54.9,29.2,10.8,16.1,20.4,23.3,99.2,64.5,87.6,103.6,68.2,98.4,65.8,30.2,32.6,30.9,31.2,30.4,41,105.4,102.3,72.6,73.2,21.5,21.6,32.9,43.4,51.6,59.7,65.9,69.1,20.3,29.1,31.5,38,41.1,15.4,16,15.6,16.6,16.5,12.1,24.4,36.7,37.5,,9.5,6.6,69.5,43.9,2,2.5,0.001,1,7.8,7,89.7,87.1,3.5,4.5,0.001,0.001,9.2,7.8,84.8,50.3,1,1,1.5,4,7.4,10,135.1,51.9,0.001,0.001,8.7,9.9,113.8,60.4,0.001,0.001,11.6,12.3,106,6,4.5,2.5,0.001,0.001,0.001,12.5,12.9,103.2,113,5,4,2,0.5,0.001,0.001,11.2,13.1,117,102.8,4.5,4.5,6,0.001,0.001,0.001,6.1,7.3,119.7,30.9,1,6.5,7.1,109.2,103.6,32.1,2,8.6,9.3,108.1,55.5,4,8,10.3,128.8,57.2,1,8.3,10.7,128.9,61.7,0.5,11.9,12.1,101.7,2,,0,,0.001,11.6,12.6,108.6,101.5,2,0.001,0.001,0.5,0.001,12.5,11.7,93.6,101.6,1.5,0.5,0.5,0.001,0.001,,,,,,,,,,,,,
peking_dental,ERC,0,0,1,,,,,,,,,,,,,,,,,,,,,,,,,,,,,,,,,,,,,,,,,,,,,,,,,,,,,,,,,,,,,,,,,,,,,,,,,,,,,,,,,,,,,,,,,,,,,,,,,,,,,,,,,,,,,,,,,,,,,,,,,,,,,,,,,,,,,,,,,,,,,,,,,,,,,,,,,,,,,,,,,,,,,,,,,,,,,,,,,,,,,,,,,,,,,,,,,,,,,,,,,,,,,,,,,,,,,,,,,,,,,,,,,,,,,,,,,,,,,,,,,,,,,,,,,,,,,,,,,,,,,,,,,,,,,,,,,,,,,,,,,,,,,,,,,,,,,,,,,,,,,,,,,,,,,57.8,2.6,39.6,,,,,,,,109.15,430.55,26
nanjing1,ERC,1,0,0,600000,876,176.9,176.1,176.9,,85.1,48.1,,,,,,144.4,,,,134.2,,133.7,,78.9,,95.3,67.1,,,109,67,,,,,,,,,,,,91.6,39.3,42.9,14.7,16,60.5,88,73,64.8,64.8,116.2,49.8,71,41.7,41.7,50.1,83.2,50.1,,40.3,38.3,144.3,101,150.5,101,,,,,,,,,,,,,,,,30.2,,28.3,38.3,,,103.1,95.1,13.3,14,104.7,95.1,8,13,16.2,140,114.4,98.4,95.4,39.6,,,,,,,25.3,19.4,17.1,40.8,39.4,31.5,34.1,14,50,66,,,,,,,,,,118,98,148.8,19.5,13.8,70.8,72,46.9,49.4,31.8,11.4,13.2,120.5,,,,,,,,,,,,,,,,,,,,,,,,,,,,,,,,,,,,,,,,,,,,,,,,,,,,,,,,,,,,,,,,,,,,,,,,,,,,,,,,,,,,,,,,,,,,,,,,,,,,,,,,,,,,,,,,,,,,,,,,,,,,,,,,,,,,,,,,,,,,,,,,,,,,,,,,,,,,,,,,,,,,,,,,,,,,,,,,,,,,,,,
hexian,ERC,1,0,1,412000,1025,190.8,187.4,188.4,83,93.3,48.9,101,53,97.4,51,,141.5,,,157.4,152.7,157.4,149.4,94.9,96.7,,113.2,86,146.1,139.4,141.1,65,29.2,,21.8,31.8,18,8.7,153.8,96.5,95.4,133.3,,97.6,45,46.1,17.8,18.2,62.2,101.7,80.7,86.7,80,128,53.3,82.5,51.6,45.4,55.6,92.8,63.3,66,47.3,44.4,149.6,99.6,138.5,100.1,75.2,45.1,51.2,88.9,134.2,70.3,26.4,79,25.3,121.6,12.6,42.3,,21.6,,22.2,115,34.5,32.2,22,,111,96.4,5.5,5.7,109.3,,17.4,11.7,18.8,140,,,,52.5,,,,,,,,,,,,,,,,,,,,,,,,,,,,166.3,,,,,,,,,,,103.9,9.5,,,,,,,,,,,,,,,,,,,,,,,,,,,,,,,,,,,,,,,,,,,,,,,,,,,,11.7,9.4,80.3,65.3,4.5,2,0.001,1.5,,,,,,,,,,,,,,,,,9.2,13.3,145.4,72.2,0.001,0.001,,,,,,,12.3,13.7,111.4,4.5,3.5,0.001,0.001,0.001,1,12.2,14.8,120.3,107.3,2.5,3.5,1.5,6,0.001,1,,,,,,,,,,,,,,,,,,,,,,,,,,,,,,,,,,,,,,,,,,,,,13.4,13.5,101,,3,1,2,0.001,0.5,13.6,13.6,100,,3,1,0.001,0.001,1,,,,,,,,,,,,,
sambungmacan_1,ERC,1,0,0,200000,1056.333,189.1,,182.1,83,108.8,57.5,111.5,59,108.4,57.3,,,,,145.1,136.5,145,138.8,95.7,106.2,,126.2,101.2,138.5,132.6,109,,,,17.5,22.7,19.7,8.6,137.8,98.2,95.8,127.8,,,,,,,61.9,92.4,95.4,73.9,61,124.3,48.9,,57.2,51.8,,,,,,45.2,,,143.1,,74.9,50.7,52.6,77.8,136.2,72,27.5,87.2,22.4,159.6,10,72.2,11.3,22.3,,33.5,108,,47.5,,,123,111.3,,,124.1,,13.6,13.1,,137.5,,,,43.5,,,,,,,,,,,,,,,,,,,,,,,,,,,,,,,,,,,,,,,95.2,9.4,,,,,,,,,,,,,,,,,,,,,,,,,,,,,,,,,,,,,,,,,,,,,,,,,,,,,,,,,,,,,,,,,,,,,,,,,,,,,,,,,,,,,,,,,,,,,,,,,,,,,,,,,,,,,,,,,,,,,,,,,,,,,,,,,,,,,,,,,,,,,,,,,,,,,,,,,,,,,,,,,,,,,,,,,,,,,,,,,,,,,
sambungmacan_3,ERC,1,0,0,200000,902,175.5,,172.8,78,101.7,57.9,105.5,60.1,96.5,55,,,,,142.9,133.3,142.9,134.9,94.4,99.2,,111.6,107.7,139.1,132.6,117,75.2,28.8,,16.2,22.4,23,14,132.9,98.5,92.4,124.3,,,,,,,68.4,96.3,83.7,70,63.5,121.7,54.9,,51,46.5,,,,,,49.1,,,141.2,,66.2,33.4,30,68.1,121.9,69.5,23.9,81.9,19.5,117.3,5.4,36.6,,19.3,,30.3,107,,39.7,22,,111.6,104.6,,,111.7,,10.1,10.4,,137.5,,,,46.1,,,,,,,,,,,,,,,,,,,,,,,,,,,,,,,,,,,,,,,90.4,9.9,,,,,,,,,,,,,,,,,,,,,,,,,,,,,,,,,,,,,,,,,,,,,,,,,,,,,,,,,,,,,,,,,,,,,,,,,,,,,,,,,,,,,,,,,,,,,,,,,,,,,,,,,,,,,,,,,,,,,,,,,,,,,,,,,,,,,,,,,,,,,,,,,,,,,,,,,,,,,,,,,,,,,,,,,,,,,,,,,,,,,
sangiran_2,ERC,1,0,0,1400000,793,179,,178,88,100,55.9,96.5,53.9,94.5,52.8,,,,,140.5,133.8,140.5,135.7,96.6,74.1,,105,78.8,131.2,124.5,115.6,74.8,,,12.5,23.9,12.2,7.5,136.7,90.3,86.4,117.2,,,,,,,52.2,82.4,77.5,80.9,72.9,112.5,46,,46.9,41.2,,,,,,38.7,,,154.4,,72.7,37.2,29.4,83.9,131.9,73.7,24.5,71.9,22.3,105.9,10.3,34.2,17.9,21.1,21.7,21.8,104,,35.6,25.2,,,91.6,,,99.5,,11.7,8.1,,135,,,,,,,,,,,,,,,,,,,,,,,,,,,,,,,,,,,,,,,,,,,90,10.1,,,,,,,,,,,,,,,,,,,,,,,,,,,,,,,,,,,,,,,,,,,,,,,,,,,,,,,,,,,,,,,,,,,,,,,,,,,,,,,,,,,,,,,,,,,,,,,,,,,,,,,,,,,,,,,,,,,,,,,,,,,,,,,,,,,,,,,,,,,,,,,,,,,,,,,,,,,,,,,,,,,,,,,,,,,,,,,,,,,,,
sangiran17,ERC,1,0,1,1400000,1020,203.6,197.6,202.8,90.2,108.3,53.2,106,52.1,100.3,49.3,108.1,150.3,26.3,41.4,157.2,146.4,157.2,145.8,92.7,93.4,,117.9,85.3,147,144.8,129.5,75.9,32.1,108,15.8,22.5,24.5,12.1,146.9,102.2,97,140.2,8.4,112,50.7,45.3,16.8,15,57.7,87.8,92.9,96.2,79.1,133.3,43.1,88,75.4,72,53.1,142,55.5,67.4,48.3,45,146.3,84.6,162.4,84.6,83,43.4,36.5,89.3,151.7,74.5,31.6,87.6,25.8,127.6,12.8,39.9,20.8,25.5,29.1,17.2,111.7,46,55.6,,130.6,117,110.4,24.1,21.8,121.7,110.4,16.4,14.7,18,154,131.3,118.2,101,40.3,71,14.8,66.4,66.3,,,36.4,29.2,23.7,47.6,45.4,36.4,33.2,13.6,55.9,78.1,62.4,36.7,43,51.5,60.9,66.1,72.3,151.7,128.2,125.6,30.3,132.8,28.7,20.5,71.4,73.4,70,62.3,47.9,22.6,14.2,120.3,112.1,10.5,26.3,,,,,,,,,,,,,,,,,,,,,,,,,,,,,,,,,,,,,,,,,,,,,,,,,,,,,,,,,,,,,,,,,,,9.3,9,96.8,62.4,0.001,1,1,0.001,6.9,9.7,140.6,49.9,0.001,0.001,,,,,,,10.9,12.3,112.8,3,4,0.5,0.001,0.001,0.5,11.6,12.3,106,106.4,2,3,0.5,0.001,0.001,0.5,9.2,12.8,139.1,87.8,1,2,0.001,0.001,0.001,0.5,,,,,,,,,,,,,,,,,,,,,,,,,,,,,,,,,,,,,,,,,,,,,,,,,,,,,,,,,,,,,,,,,
sangiran_dental,ERC,0,0,1,,,,,,,,,,,,,,,,,,,,,,,,,,,,,,,,,,,,,,,,,,,,,,,,,,,,,,,,,,,,,,,,,,,,,,,,,,,,,,,,,,,,,,,,,,,,,,,,,,,,,,,,,,,,,,,,,,,,,,,,,,,,,,,,,,,,,,,,,,,,,,,,,,,,,,,,,,,,,,,,,,,,,,,,,,,,,,,,,,,,,,,,,,,,,,,,,,,,,,,,,,,,,,,,,,,,,,,,,,,,,,,,,,,,,,,,,,,,,,,,,,,,,,,,,,,,,,,,,,,,,,,,,,,,,,,,,,,,,,,,,,,,,,,,,,,,,,,,,,,,,,,,,,,,,47.8,29.1,23.1,272,555.3,283.3,50.2,210.4,1.3,20.4,196.5,759.8,25.1
ngandong_7,ERC,1,0,0,112500,1013,192,191.1,188.3,87.4,108.6,56.6,104.5,54.4,104.2,54.3,114.3,152.5,31.7,41.7,147,141,147,141,95.9,107.8,,119.9,113.8,139.8,138.2,119.3,64.4,32.6,123,21,27.7,29.4,15.7,139.7,102.8,99.2,121.1,20.8,114.9,55.6,48.4,19.8,17.2,65.4,89.5,83.5,83.3,65.4,126.6,46.6,86.6,65.2,61.8,44.4,146.8,51.2,69.9,47.9,47,141.8,100.4,151.3,102.6,74.4,40.5,25.9,69.7,138,71.9,26.5,96,24.6,161.6,17.2,63.8,,29.5,,29.8,114.4,35.7,51.8,,,118.5,103.7,20.8,20.1,123.7,,16.9,18.3,20.3,,,,,51.1,,,,,,,,31.3,27.7,,,,,16.2,,,,,,,,,,,,,,136.4,,,,,,,,,,,99.8,13.8,,,,,,,,,,,,,,,,,,,,,,,,,,,,,,,,,,,,,,,,,,,,,,,,,,,,,,,,,,,,,,,,,,,,,,,,,,,,,,,,,,,,,,,,,,,,,,,,,,,,,,,,,,,,,,,,,,,,,,,,,,,,,,,,,,,,,,,,,,,,,,,,,,,,,,,,,,,,,,,,,,,,,,,,,,,,,,,,,,,,,
ngandong_9,ERC,1,0,0,112500,,180.6,,177.7,,97.6,54,,,,,,,,,,126.2,132,129.3,98,82.6,,100.8,84.4,,,113.9,,,,,,,,,81.3,78.5,126.2,,,,,,,51.8,78.8,75.7,73.5,64.7,109.2,43.6,,56.4,50.2,,,,,,40.7,,,158.6,,67.7,,44.2,,141.1,78.1,,,,,,,,,,,,,44.1,26.5,,,,,,99.1,,,,,,,,,,,,,,,,,,,,,,,,,,,,,,,,,,,,,,,,,,,,,,,,,,,,,,,,,,,,,,,,,,,,,,,,,,,,,,,,,,,,,,,,,,,,,,,,,,,,,,,,,,,,,,,,,,,,,,,,,,,,,,,,,,,,,,,,,,,,,,,,,,,,,,,,,,,,,,,,,,,,,,,,,,,,,,,,,,,,,,,,,,,,,,,,,,,,,,,,,,,,,,,,,,,,,,,,,,,,,,,,,,,,,,
ngandong_12,ERC,1,0,0,112500,1127,201.6,198.6,200.2,96.1,104.6,51.9,109,54,105.1,52.1,113.3,158,24.5,48.3,151.2,143.4,151.2,142.8,94.4,100,,118.6,108.8,143.9,137.5,121.6,68.5,30.6,123.8,27.8,33.3,,11,148.1,108.5,103.5,124.2,16,112.4,55.3,49.2,17.4,15.5,61.7,97.9,90,94.6,72.1,141.2,48.6,88.6,68.8,63.7,48.6,141.6,53,71.7,49.5,47.7,145.2,98.4,151.2,96.8,74.4,40,28.1,81.9,147.8,73.3,24.1,91.3,22.1,175.7,17.6,83.8,17.3,23.3,27.6,30.7,121.3,37.8,52.4,,,123.1,109.9,19.8,18,125,,13.4,21.8,19,,,,,60.3,,,,,,,,,,,,,,,,,,,,,,,,,,,,140.5,,,,,,,,,,,103,11.8,,,,,,,,,,,,,,,,,,,,,,,,,,,,,,,,,,,,,,,,,,,,,,,,,,,,,,,,,,,,,,,,,,,,,,,,,,,,,,,,,,,,,,,,,,,,,,,,,,,,,,,,,,,,,,,,,,,,,,,,,,,,,,,,,,,,,,,,,,,,,,,,,,,,,,,,,,,,,,,,,,,,,,,,,,,,,,,,,,,,,
dmanisi_211_2282,ERC,1,1,1,1770000,650,163.7,160.3,163.7,65,88.3,53.9,85.5,52.2,89,54.4,,,,,123.2,116.7,123.2,119,96.6,65.6,,88.9,69.6,118.6,117,94,,,,18.7,19.8,12.5,,123.1,69.1,67.6,109.3,,88.4,37.9,42.9,12.9,14.6,48,80.4,74.9,66,55.1,102.1,49.1,,31.5,31.5,,,,,36.5,34,146.8,,150.1,,65,32.8,40,71.8,107.1,65.4,,,,,,,18.8,,,24.3,,,33.5,,,103,94.2,13.6,14.4,99.5,94.2,9.8,4.9,,127.4,107.6,103.1,100.1,40.8,80.7,24.5,67.1,52.7,27.4,64.9,25.6,,,,,32.9,30.8,,57,66.8,60.8,38.2,38.9,43.1,52.8,56.6,64.6,155,126.5,151.5,14.2,148.7,,,,,57.8,51.4,33.3,19.1,25.7,121,88.9,,30,,,,,,,,,,,,91.3,,,64.2,,69,26.5,26.6,26.2,22.2,20.6,45.3,,,77.4,75.7,,20.5,28.9,41.6,48.7,57.3,61.7,62.6,20.6,25.8,30.6,35,39.7,17.5,17.1,16.1,16.7,21.4,12,24.5,35.8,29.4,15.2,,,,,,,,,,,,,,,,,,,,,,,,,,,,,,,7.9,10.6,134.2,55.8,4,3,12.2,12.3,100.8,5,2.5,0.5,2,0.001,1,13.2,11.7,88.6,102.9,5,6,2,2,0.001,0.5,,,,,,,,,,,5.7,5.6,98.2,20,1,6.4,6.4,100,128.3,25.6,2,8.4,7.5,89.3,39.4,0.001,9.3,9.1,97.8,53,1.5,8,9,112.5,45.1,1,13.1,12.2,93.1,4,2,6,1.5,2.5,12.3,11.8,95.9,90.8,4,1,4.5,1.5,0.5,11,10.4,94.5,71.6,4,1,3.5,1,0.001,,,,,,,,,,,,,
dmanisi_2280,ERC,1,0,0,1770000,730,174.4,173.7,172.9,86.2,94.6,54.2,95,54.5,100.5,57.6,100.8,140.8,19.8,40.9,128,124.5,130.2,126.7,97.3,62.6,,101,62.6,128.6,128.1,101.4,65.1,24,,24.5,27.7,,10.1,128.1,90,86.8,124,11.4,98.6,50.2,50.9,12.7,12.9,56.5,88.7,76.7,72.2,58.7,111.7,50.9,74.6,49.6,44.4,44.3,112,47.7,60,45.9,44.8,150.5,106.9,147.8,106.9,82.4,44.2,37.5,84.4,125.5,72,33.7,86.6,24.2,122.7,11.5,36,,22,26.7,18.9,103.7,26.8,43.8,,,111.4,100.6,23.1,23,111.8,,11.5,7.9,17.8,138,,,,41.8,,,,,,,,27,22.1,40.7,37.7,,,9.1,,,,,,,,,,,,,,130.3,,,,,,,,,,,99.4,10.3,,,,,,,,,,,,,,,,,,,,,,,,,,,,,,,,,,,,,,,,,,,,,,,,,,,,,,,,,,,,,,,,,,,,,,,,,,,,,,,,,,,,,,,,,,,,,,,,,,,,,,,,,,,,,,,,,,,,,,,,,,,,,,,,,,,,,,,,,,,,,,,,,,,,,,,,,,,,,,,,,,,,,,,,,,,,,,,,,,,,,
dmanisi_2700_2735,ERC,1,1,1,1770000,601,152.1,150,150.7,76.2,80.8,53.1,93.5,61.5,94.7,62.3,90.6,115.7,19.5,31.6,124.4,112,124.4,114.6,92.1,57.6,,82.7,57.6,119.2,117,97.9,59,29.7,99.4,,,,8.7,122.1,81.1,75.9,110.2,18.8,85.6,36.9,43.1,11.5,13.4,58.9,85.3,65.7,54.9,50.2,102.1,56.1,66.6,43,36.1,39.1,110,44.7,48.5,48.6,46.6,150.1,107.4,151.9,107.4,72.9,30.8,27,65.5,107,70.3,22.9,99.8,15.9,137.5,13.5,37.9,19,17,29,21.8,98.3,24.6,36.9,,98.3,95.3,88.1,16.2,18.4,95.3,88.1,6.4,7,11.5,124,106.7,96.8,101.6,45.1,61.8,13.3,73.7,44.8,21.6,62.2,27.4,20.1,16.4,36.1,33.9,28.7,27.6,7.4,49.6,63,59.8,41.3,31.9,52.7,57.6,58.3,61.8,119.5,109.4,142.7,16.2,139,13.1,12.8,97.7,51.9,48.5,38.6,29.7,10.8,27.2,117.2,92.6,7.5,17.8,105.1,36,50.2,39.4,36.7,30.8,5.8,15.6,17.4,22.5,115.8,74.4,99,102.4,69.1,86.1,68.8,27.5,28.3,25.6,21.4,19,47.4,95.3,89.4,79.3,78.5,,24.5,32.6,48.1,54.2,60.4,64,66.1,25.8,29,35.7,38.7,40.7,18.8,20,18.7,20.7,21.9,13.2,29.5,33.2,34,13.4,,,,,,,,,,,,,,,,,,,,,,,,,,,,,,,,,,,,,12.6,12.3,97.6,6,5,1.5,2,0.001,0.001,6.4,12.4,96.9,102.4,4,6,3,0.001,0.001,0.001,,,,,,,,,,,,,,,,,,,,,,,,,,,9.8,9,91.8,66.9,1,7.6,8.9,117.1,51.3,1,12.8,10.3,80.5,4,2,2,2,0.001,13,10.4,80,102.5,4,1,2,1.5,0.5,,,,,,,,,,,,,,,,,,,,,,
dmanisi_4500_2600,ERC,1,1,1,1770000,546,166.7,156.2,165.2,89.3,87,52.2,105.4,63.2,95.3,57.2,96.6,128.8,21.5,33.8,133.7,115.8,134.4,115.8,86.2,41.6,,89.1,41.6,133.3,132.6,79.4,55.8,30.2,90.1,19.6,24.5,33.3,14.2,126.8,73.6,68.3,126.6,25.8,87.7,43.6,49.7,15.9,18.1,49.5,77.9,62,48.5,47.3,94.7,46.7,66,48.5,46.1,35.7,135.9,38.5,55.4,45.7,39.4,140.1,104,142.5,105,68.8,32.3,27.8,77.5,117.1,70.2,28.3,94.8,20.4,131.2,10.8,36.3,17.4,21.9,30.2,26.5,91.9,25.7,58.1,,126.2,111.6,101.1,14.6,14.4,112.6,101.1,10,14.1,17.2,144.6,122.7,110.9,99.4,35.1,74.2,33.1,62.4,43.1,35.4,45.6,32.4,21.7,18.2,41.9,39.6,31.8,35.5,8.1,47.1,72.2,68.5,48,35.1,47,58.1,59.8,69.2,153.6,124.3,141.9,18.3,149.4,19.1,10.6,55.5,87.2,55.1,39.8,37.1,11.7,32.3,131.9,97.8,11.7,31.9,,51.2,,,,33.3,14.4,21.4,22.7,34.5,,77.2,,,74.3,111.4,79.6,41.4,44.1,40.2,19.1,36.8,43.5,49.5,108.7,88.7,82.7,23.1,23.9,35,47.1,60.5,63.2,69.1,71.9,21.4,31.6,34.5,42.5,43.3,23.8,21.9,20.7,21.5,20.9,13,28.2,42.3,49.3,19.6,,,,,,,,,,,,,,,,,10.2,11,107.8,73.2,,,,,8.8,13.5,153.4,77.6,,,8.8,13,147.7,74.7,,,11.4,13.8,121.1,6,5,,,0.001,0.001,13.3,15.4,115.8,133.7,5.5,4.5,,,0.001,0.001,15.6,16.3,104.5,166,5,5,6,0.001,0.001,0.001,,7,,,,,8.9,,,,,10.1,9.9,98,61.3,,10.7,9.2,86,60.3,1,,,,,,13.6,12,88.2,,,,,,13.8,12.2,88.4,103.2,4,,,,0.5,16.1,12.3,76.4,121.3,4,0.5,2,2,0.001,,,,,,,,,,,,,
sale,ERC,1,0,1,400000,895.5,,,,,,,95.2,,109.6,,,,25.3,36.1,139.6,131.3,139.6,131.3,94.1,74.5,,108,77.4,125.3,124.9,106.4,67.8,31,114.5,18.7,20.2,30.9,12.3,134.1,95.3,93.1,119.6,19.2,,,,,,,97.9,89.2,74.2,61.6,129.5,,79,51,21.4,44.3,115.1,68.4,60.6,,,,113.1,149,111.1,76.5,40.7,37.8,83.2,,,26.3,85.3,17.7,121.7,11.6,37.1,19.3,18.8,26.5,33.1,111.5,26.3,20.1,23.6,112,,,,,,,,,,132.5,96.7,,,36.6,,,,,,,,,,,,,,,,59,64,,34,43.5,52,55,57,135.7,113.5,,,,,,,,,,,,,,88.8,11.7,,,,,,,,,,,,,,,,,,,,,,,,,,,,,,,,,,,,,,,,,,,,,,,,,,,,,,,,,,,,,,,,,,,,8.4,10.4,123.8,56.2,0.001,,,,8.4,11.9,141.7,64.3,0.001,0.001,6.9,11.4,165.2,50.6,0.001,0.001,11.6,13.4,115.5,2,4,1,0.001,1,0.001,10.7,14.1,131.8,97.1,4,3.5,2,0.001,1,0.001,,,,,,,,,,,,,,,,,,,,,,,,,,,,,,,,,,,,,,,,,,,,,,,,,,,,,,,,,,,,,,,,,,,,,,,,,,,
knm_wt_15000,ERC,1,1,1,1535000,850,164,162,162,84.5,82,50,92,56.1,91.3,55.6,102.5,138.9,22.3,38.6,131.2,125.7,131.2,126.4,96.3,65.8,,100,65.8,121.8,116.5,102.7,66.2,31.1,102.6,10.6,22.7,18.9,9.6,128.4,90.8,82.3,105.2,12.6,86.3,43.1,49.9,9.9,11.5,53.8,85.8,73.5,66.8,61.3,108.5,52.3,75.9,44.4,34,42.9,103.9,53.9,60.9,46,44.3,153.9,116.2,143.1,120.2,62.7,40.9,31.4,73.6,114.9,70,25.3,87.9,21.2,121,13.3,33.1,18,17.2,25.7,28.6,102.5,21.9,33.1,,113.3,103.3,92.8,19.6,21.1,102.9,94.1,9.1,11.7,,127.5,109.1,96.2,93.1,40.6,80,20.4,77.7,44.1,21.7,67.1,25.6,28,26,36.5,36.5,37.2,31.6,,61,63.8,59.6,36.9,37,50.1,58.9,59.4,61.1,127.3,108.3,127.6,23.4,133.4,26.1,20.6,78.9,65.5,38,47.3,27.7,10.7,20.8,69.7,90.1,9.1,14.6,90.1,39.1,58.4,51.9,42.6,34.6,11.3,24.1,17.6,23.5,114.7,79,93.6,98.4,61.1,89.9,62.1,28,27.5,24.2,21.1,19.6,46.6,90,95.4,77.7,76.6,17.1,23.1,34.9,43.5,53.8,61.5,65.7,,24.1,29.2,31.3,34.6,39.9,19.2,19,18.3,19.5,21.4,13.7,29.6,33.5,32,13.3,11.1,9.1,82,87.5,1,2,0.001,2,7.7,8,103.9,61,2,3,0.001,0.001,,,,,,,,,7.6,10.5,138.2,69.1,1,1.5,7.5,10.3,137.3,66.9,2,4,5.5,10.5,95.5,5.5,4,4,1,1,1,10.7,10.6,99.1,98.2,5,4.5,2,0.001,0.001,0.001,,,,,,,,,,,5.6,6.7,119.6,27,1,6.9,8.9,129,163.7,44.2,2,8.6,9.4,109.3,58.2,0.001,9.6,9.1,94.8,62.9,1,9.3,9.7,104.3,64.9,1,12.3,11.3,91.9,4,3,2,2,1,12.3,11.8,95.9,104.4,4,3,2,1.5,1,,,,,,,,,,,,,,,,,,,,,,
er_3733,ERC,1,0,1,1780000,878,176,170.7,174.2,84.4,90.1,51.2,85.8,48.8,86.8,49.3,100.4,134.9,24.1,34.8,135.1,128.3,136.9,128.3,93.7,67.8,,113.7,75.6,127.3,125.9,114.8,65.7,30,100,13.6,20.2,,11.2,134.9,87.3,85.2,121.1,13.7,93.8,68.2,72.7,16.7,17.8,58.6,80.8,72.1,79,69.7,111.9,45.9,84.8,62.9,54,46.4,135.6,55.9,59.8,50.1,46.2,131.9,100.2,146.7,99.5,70.5,42.9,45.6,84.6,134.8,76.6,21.7,62.8,16.5,119.9,11.1,56.9,15,22.9,27.9,16.3,98.8,34.9,47,,114.4,116.5,106.4,10.9,10.2,114.8,106.4,7.2,8.1,13.5,131.8,118.5,100.9,86.6,45.8,78.3,27.5,78.1,51.6,29.1,67.7,31.1,19,14.4,45.2,42.3,34.6,40.1,9.3,52.7,62.4,58.9,39,33.8,51.4,57.8,58.4,59,121.4,108,138.9,18.9,156.6,16.1,9,55.9,85.8,48.1,53.7,35.8,9.2,23.2,69.8,97.2,8,15.5,,,,,,,,,,,,,,,,,,,,,,,,,,,,,,,,,,,,,,,,,,,,,,,,,,,,,,,,,,,,,,,,,,,,,,,,,,,8.5,11.4,134.1,75.2,1,2,8.2,10.2,124.4,64.9,1,3,11.3,11.4,100.9,,4,,0.001,,,11.6,12.1,104.3,109,3,4,2,0.001,0.001,0.001,,,,,,,,,,,,,,,,,,,,,,,,,,,,,,,,,,,,,,,,,,,,,,,,,,,,,,,,,,,,,,,,,,,,,,,,,,,
er_3883,ERC,1,0,0,1570000,838,179.6,170.8,179.5,85.9,96.3,53.6,94,52.3,96.7,53.8,97.5,128.2,22.8,32.4,132.5,129.3,132.5,131.3,99.1,75.5,,102.7,84.2,130.7,126.2,109.3,67.6,27.6,94,25.7,27.8,31,14.6,133.4,87.3,82,123.6,7.1,97.3,40.3,41.4,18,18.5,54,85.9,73.8,76.2,68.6,115,47.8,66.9,46.3,46.3,48.8,94.9,48.8,54.6,44.2,40.1,139.8,89.9,143.4,89.9,76.9,42.4,23.4,87.6,128.1,71.3,31.4,93.6,28.4,127.3,15.8,33.7,17.1,21,27.2,19.9,97.9,33.4,42.4,,,115.3,105.6,14.5,13.7,115.3,105.6,13.7,8.1,20.4,137.5,124.8,,,46.5,,,,,,,,24.7,21.8,39.2,38.2,,,,,,,,,,,,,,,,,,,,,,,,,,,,,,,,,,,,,,,,,,,,,,,,,,,,,,,,,,,,,,,,,,,,,,,,,,,,,,,,,,,,,,,,,,,,,,,,,,,,,,,,,,,,,,,,,,,,,,,,,,,,,,,,,,,,,,,,,,,,,,,,,,,,,,,,,,,,,,,,,,,,,,,,,,,,,,,,,,,,,,,,,,,,,,,,,,,,,,,,,,,,,,,,,,
oh24,HABILIS,1,0,1,1800000,597,143.3,141,137.8,59.6,92.3,64.4,75.5,52.6,66.2,46.2,71,95.9,16,29.4,111.3,108.1,109.4,108.1,98.8,60.8,,,65.8,107,101,103.6,54.6,25.8,84.2,,,,10.5,109.3,69.3,67.9,102.4,18.2,92.6,54,58.3,16.6,17.9,52.7,48.7,74.4,68.9,59.2,82.9,34,72.7,51.4,27.5,45.9,112,64.9,43.2,38.9,36.9,139.9,96.3,150.3,96.5,46.7,30.9,27.8,64.6,105,73.3,28.1,96.5,25.5,119.6,11.4,22.9,13.6,21.9,26.6,19.5,99.1,32,26.5,,89.4,98.2,90.6,8.4,9.3,98.2,90.6,6,5.9,10.9,117.5,94.1,88.4,90,22.9,61.7,18.1,60.2,56.2,19.2,49.8,23.3,20.9,18.3,38.5,35.8,29.6,29.5,11.3,45.3,64.6,60.5,33.1,28.4,42.5,51.4,57.9,60.6,152,125.7,133.8,18.6,161.1,15.4,12.5,81.2,68.3,40,45,33.3,,22.1,60.9,79.5,9.7,29.8,,,,,,,,,,,,,,,,,,,,,,,,,,,,,,,,,,,,,,,,,,,,,,,,,,,,,,,,,,,,,,,,,,,,,,,,,,,9,11.5,127.8,62.3,,,8.9,12.4,139.3,66.4,1,3,13.3,12.5,94,5,5,2,0.001,1,0.001,12.5,13.7,109.6,103,5,,,,1,0.001,11.9,13.3,111.8,95.2,3.5,4,6,2,0.001,0.001,,,,,,,,,,,,,,,,,,,,,,,,,,,,,,,,,,,,,,,,,,,,,,,,,,,,,,,,,,,,,,,,,
oh7,HABILIS,0,1,1,1780000,,,,,,,,,,,,,,,,,,,,,,,,,,,,,,,,,,,,,,,,,,,,,,,,,,,,,,,,,,,,,,,,,,,,,,,,,,,,,,,,,,,,,,,,,,,,,,,,,,,,,,,,,,,,,,,,,,,,,,,,,,,,,,,,,,,,,,,,,,,,,,,,,,,,,,,,73.5,,,63.9,,65,30,,,,,42.5,,,68.9,65.5,,24.7,35.3,42.5,46.2,52.6,52,,20.5,22,24.5,25.8,26.3,19.6,19.5,22,23.1,24.7,13.5,27,38.4,30.2,20,,,,,,,,,,,,,,,,,,,,,,,,,,,,,,,,,,,,,,,,,,,,,,,,,,,,,,,,,,,,,,,,,,6.5,5.7,87.7,22.7,1,7.3,8.1,111,159.6,36.2,2,8.7,9.5,109.2,50.6,3,9.7,10.1,104.1,59.9,0.5,9.7,10.9,112.4,64.7,2,13.4,12.2,91,2,3,1.5,2.5,1.5,14.9,13.2,88.6,120.3,4,2,2,2,1,,,,,,,,,,,,,,,,,,,,,,
er1805,HABILIS,1,1,1,1850000,616,,,,,,,90,,80.6,,,,,,123,113.9,115.2,113.9,98.9,52.1,,102.6,75.6,110.7,110.1,102,66.6,,,15,20.3,26.2,8.4,118.8,77.3,81.3,108.6,,,,,,,,77.3,78.7,77.5,64.4,112.1,,,38.6,38.6,,,,,,,,,144.8,,60.3,33.1,31,81,,,36.1,100.8,38.8,106.9,17,6.2,,19.2,,20.3,103,,37.8,,,,,,,,,,,,,,,,46,70,15.1,44.9,51.7,17.2,29.7,,,,,,,,,,,,,,,,,,,,,,,,,,,,,,,,,,,,,,,,,,,,,,,,,,63.3,,,,,,28.2,25.7,48.8,,,81.2,79.1,,,28.9,45.4,50,56,64.4,67,17.1,20.6,28.2,36.1,40.8,23.4,12.2,23.8,21.3,23.7,,22.3,42.4,,,8,6.5,81.3,34.4,1,2,0.001,1,5.9,4.9,83.1,55.6,3,1,0.001,0.001,4,9.7,121.3,51.3,0.001,1,1,,7.5,11.6,154.7,57.5,1,1.5,7.5,11,146.7,54.5,,,12.1,12.5,103.3,5.5,5.5,3,0.001,1,1,12.6,13.9,110.3,115.8,4,4,5,0.001,1,1,12.8,13.1,102.3,110.9,3,5,4,0.001,0.001,1,,,,,,,,,,,,,,,,,,,,,,,,,,,13.2,11,83.3,,,,,,12.8,12,93.8,105.8,4,2,2,1,0.001,14.1,11.3,80.1,109.7,4,2,2,1,0.001,,,,,,,,,,,,,
mauer_1,MPH,0,1,1,609000,,,,,,,,,,,,,,,,,,,,,,,,,,,,,,,,,,,,,,,,,,,,,,,,,,,,,,,,,,,,,,,,,,,,,,,,,,,,,,,,,,,,,,,,,,,,,,,,,,,,,,,,,,,,,,,,,,,,,,,,,,,,,,,,,,,,,,,,,,,,,105.6,51.6,69.2,67.7,56.7,50.5,7,21,31.6,35.9,117.3,75.4,103.7,110.8,65.7,89,65.1,30.4,32.7,34.6,34.5,34,60.5,111.5,114.4,96,92,22,22.6,31,45.2,52.1,59.5,68,71.9,22.9,27.7,37.1,41.4,45.4,20.5,18.9,18.7,18.5,20,12,23.9,43,33.1,16.3,,,,,,,,,,,,,,,,,,,,,,,,,,,,,,,,,,,,,,,,,,,,,,,,,,,,,,,,,,,,,,,,,,5.5,7.4,134.5,33.3,0.001,5.1,7.7,151,96.5,32.2,0.001,7.3,8.7,119.2,52,0.5,8.8,9.2,104.5,66.3,1,7.7,9.1,118.2,57.4,1,11.1,11,99.1,1,1,1,0.001,1,12.8,12,93.8,125.8,1,1,0.5,0.001,1.5,11.8,10.9,92.9,105.8,4,1,1,0.001,0.001,,,,,,,,,,,,,
arago_xxi_xlvii,MPH,1,0,1,438000,1152.3,191.5,185.5,,89.5,101.5,53,101,52.8,99,51.9,,,,,139.4,136.3,,139.4,,103.9,91.8,107.5,102.2,,,114,66.5,,,,,,,,96.5,92,,,104.1,47.2,45.3,16.6,15.9,62,98,89.9,99.3,,132.3,51.2,,69,48.5,,,,,51.5,48.5,142.9,,150.1,,67.5,32,34,64,120,62.7,,,,,,,,,,31.9,127.6,,42.5,,122.5,120.7,113.2,15.7,13.9,125.4,113.2,10,9.3,15.6,149.5,123.8,113,93.6,40.5,80.3,18.7,64,72.2,20.9,82.6,25.8,22.8,28.3,48.7,45.5,30.5,29.3,15.7,61.1,74.2,68.5,47.4,40.3,49.3,57.8,59.4,70,150.5,128.4,103,44.8,148,23.5,13,55.3,84,48.6,43.9,37,9.6,26.4,58.9,114.3,10.2,31.8,,,,,,,,,,,,,,,,,,,,,,,,,,,,,,,,,,,,,,,,,,,,,,,,,,,,,,,,,,,,,,,,,,,,,,,,,,,7.6,10.4,138,57.4,0.001,0.001,,,,,,,11.4,11.9,104.3,3.5,3.5,2,0.001,0.001,0.001,12,12.7,105.8,110.8,2.5,3,2.5,0.001,0.001,0.001,9.6,10.6,110.4,74.3,1,2,3,0.001,0.001,0.001,,,,,,,,,,,,,,,,,,,,,,,,,,,,,,,,,,,,,,,,,,,,,,,,,,,,,,,,,,,,,,,,,
arago_xiii,MPH,0,1,1,438000,,,,,,,,,,,,,,,,,,,,,,,,,,,,,,,,,,,,,,,,,,,,,,,,,,,,,,,,,,,,,,,,,,,,,,,,,,,,,,,,,,,,,,,,,,,,,,,,,,,,,,,,,,,,,,,,,,,,,,,,,,,,,,,,,,,,,,,,,,,,,99.2,42.4,63.5,54.5,48.2,31.7,9.2,18,19,26.4,110.4,81.2,116.7,119.9,75.2,113.4,76.4,31.9,33.2,32.2,33.3,30.3,55.9,125,123.7,86.6,90,20.4,26,43,51,61.7,68.4,74.3,77.4,29.1,33.6,41.3,44.2,46,23.6,22.3,22,22.3,23.7,13.6,26.9,40.8,37.3,17.4,,,,,,,,,,,,,,,,,,,,,,,,,,,,,,,,,,,,,,,,,,,,,,,,,,,,,,,,,,,,,,,,,,,,,,,,,,,,,,,,,,9.9,10.8,109.1,61.9,2,9.2,11.1,120.7,59.1,1,13.5,12.8,94.8,4,0.001,1,0.001,1,15.1,13.4,88.7,117.1,4,0.001,1,0.001,1,13.1,12.1,92.4,91.7,4,1,1,0.001,0.001,,,,,,,,,,,,,
arago_ii,MPH,0,1,1,438000,,,,,,,,,,,,,,,,,,,,,,,,,,,,,,,,,,,,,,,,,,,,,,,,,,,,,,,,,,,,,,,,,,,,,,,,,,,,,,,,,,,,,,,,,,,,,,,,,,,,,,,,,,,,,,,,,,,,,,,,,,,,,,,,,,,,,,,,,,,,,92.4,40.2,,62.4,51.4,,,22.4,,,110,83.3,102.7,106.8,61.3,,63.8,28.3,29.1,30.3,30.1,28.6,56.8,,113.4,92.9,90.5,24.9,25.1,33.5,45.2,54.6,63,71.2,72.4,26.5,34,41.9,46.3,52.7,16.9,16.9,16.6,15.3,17,11.9,20.7,34.3,30.9,14.1,,,,,,,,,,,,,,,,,,,,,,,,,,,,,,,,,,,,,,,,,,,,,,,,,,,,,,,,,,,,,,,,,,,,,,,,,,,,,,,,,,,,,,,6.7,9.5,141.8,51.3,1,11.7,10.6,90.6,,,,0.001,0.001,11.9,10.8,90.8,103.6,,,1,0.001,0.001,10.7,9.8,91.6,84.6,3,0.001,1,0.001,0.001,,,,,,,,,,,,,
broken_hill,MPH,1,0,1,299000,1249,206.3,197.6,208,97.9,118.2,57.3,101.8,49.3,97.6,47.3,109.8,148.5,24.6,41.4,146.9,142.8,146.9,144.4,98.3,97.6,78.1,118.3,111.2,135.9,133.7,120.4,72,34.1,128.8,16.1,20.7,30.9,8.5,143.3,107.1,103.3,125.5,22.1,120,59.7,49.8,21.6,18,60.5,110.8,89.5,90,75.2,139.3,53.7,91.1,55.7,43.4,63.6,87.6,67.7,63.6,49.4,45.9,141.1,102.2,145.8,100.5,69.3,51.7,52,91.4,143.7,69.7,26,105.8,26.5,122,11.6,16.8,18.1,23.8,30.2,28.3,125.3,37.1,36,35.3,117.1,134.4,124.9,26.4,21.1,139.4,124.9,20,17.2,20,143.4,134.1,110.6,82.3,51,90.9,26.9,82.2,65,31.5,84.9,26.5,25.3,28.1,52.7,49.5,39.2,31.5,17.7,63.9,84.8,67.2,42.4,47.4,52.4,62.1,67.7,78.7,161.8,129.1,107.3,40.8,136,27.4,16.8,61.3,77.3,56.6,54.1,33.4,12.3,26.5,73.8,107.8,10.1,12.3,,,,,,,,,,,,,,,,,,,,,,,,,,,,,,,,,,,,,,,,,,,,,,,,,,,8.2,9.7,118.3,46,,,,,6.3,8.2,130.2,64.9,4,,,,10.3,10.9,105.8,64.9,,,,,7.3,10.8,147.9,45.6,,,,,,,,,12.9,13.4,103.9,3,3.5,1.5,0.001,0.001,0.001,12.4,13.4,108.1,96.1,3,3,3.5,0.001,0.001,0.001,9.4,12.3,130.9,66.9,1,1,0.001,0.001,0.001,1,,,,,,,,,,,,,,,,,,,,,,,,,,,,,,,,,,,,,,,,,,,,,,,,,,,,,,,,,,,,,,,,,
petralona_1,MPH,1,0,1,275000,1162,208.9,197,207.7,100.2,106.9,51.2,113.6,54.4,104.9,50.6,105.2,148.1,20.2,45,163.5,143.6,163.5,148.9,91.1,106.8,84.5,114.6,96,152.2,150.6,114.6,83,36.4,121.9,17.5,23.3,,13.4,151.5,107.7,107.1,141.1,14.7,108.3,56.6,52.3,19.9,18.4,57.5,104.2,90.8,91.4,67,141,49.9,91.6,64.7,61.9,59.6,108.6,62.6,63.6,50.9,45,139.7,95.7,141.4,95.8,62.7,47.2,36.2,88,122.3,58.5,25,92.1,26.2,,,,12.7,23.1,27.8,42.2,120.5,41.8,54,,117.1,133.2,126.4,21.7,17.2,135.2,126.4,16.5,11.5,20.1,158.1,138.2,123.9,93,23.5,90.9,22.4,81.2,67.3,28.8,92.5,32.6,31.7,31,49,48.5,33.9,38.5,15,68,86.1,68.2,48.3,48.4,51.7,65.7,73.2,85.2,166.5,131.1,114.9,40.2,142,32.5,18.1,55.7,83.6,59.1,55,44.9,14.8,30.2,67.8,109.5,13.8,13.4,,,,,,,,,,,,,,,,,,,,,,,,,,,,,,,,,,,,,,,,,,,,,,,,,,,,,,,,,,,,,,,,,,,10,9.7,97,55,0.001,1,1,0.001,8.6,12.7,147.7,61.9,0.001,0.001,7.6,12.7,167.1,54.7,0.001,2,12.6,14,111.1,3,4,2,0.001,1.5,0.001,11.3,14.2,125.7,91,3,3,3,0.001,0.001,0.001,10.7,13.4,125.2,81.3,2,2,0.001,0.001,0.5,0.001,,,,,,,,,,,,,,,,,,,,,,,,,,,,,,,,,,,,,,,,,,,,,,,,,,,,,,,,,,,,,,,,,
ceprano,MPH,1,0,0,850000,1185,196.5,191.7,196.1,89.5,99.7,50.7,99,50.4,98.5,50.1,,,,,163.9,144.6,163.9,159.5,97.3,104.6,84.9,115.4,112.4,155.2,154.3,128.9,98.4,,,21.1,26.9,30,10.2,148.5,105.5,106.4,142.7,,103.1,59.9,58.1,15.8,15.3,59.6,104.5,88.2,93.3,75.5,140.3,53.2,,59.7,58.6,,,,,49.8,47,143.5,,149.2,,64.1,37.6,46.8,81.7,140.3,71.4,,,,,,,18,21.1,26.1,34.3,109.5,,45.5,,,132.8,123.3,20.7,16.8,132.6,123.2,20.6,13.1,22.9,168.5,137.5,,,12.8,,,,,,,,25.8,27.5,47.1,47.5,,,,,,,,,,,,,,,,,141.7,,,,,,,,,,,128,,,,,,,,,,,,,,,,,,,,,,,,,,,,,,,,,,,,,,,,,,,,,,,,,,,,,,,,,,,,,,,,,,,,,,,,,,,,,,,,,,,,,,,,,,,,,,,,,,,,,,,,,,,,,,,,,,,,,,,,,,,,,,,,,,,,,,,,,,,,,,,,,,,,,,,,,,,,,,,,,,,,,,,,,,,,,,,,,,,,,,
steinheim_s11,MPH,1,0,1,300000,1111.192,181.9,173.4,178.1,88,96.1,52.8,86,47.3,84.3,46.3,93,,15.3,,121.2,110.1,121.2,121.1,99.9,91,96.7,97.3,97.3,109.2,107,100.4,53.7,,93.5,16.5,22.4,24.2,11.3,110.8,93.9,97.3,99.6,6.7,95.7,44.8,46.8,21.3,22.3,65.5,95,83.1,87.1,66.9,117.1,52.2,,60.1,45.5,,,,,51.9,46.6,131.2,,139,,60.2,43.4,48.1,72.3,118.4,65.1,23.5,92.9,23.5,124.8,7.6,41.2,16.6,16.9,28.6,24.2,102.8,,45.3,,112.5,105.4,98.1,11.3,11.5,103.7,94.1,11.4,10.2,18,124,108.8,87.7,83.2,63,66.1,18,73.3,61.8,,,25.6,16.6,16.8,39.9,39.3,29.7,28.8,11.4,48.4,59.5,60.7,45.4,29.5,41.9,45.8,49,56.6,142,129.9,111.4,30,153.3,18.1,13,71.8,71.2,42,43.3,32.9,10,20.9,64.4,74.9,8.4,17.8,,,,,,,,,,,,,,,,,,,,,,,,,,,,,,,,,,,,,,,,,,,,,,,,,,,,,,,,,,,,,,,,,,,,,,,,,,,,,,,,,6.9,9.6,139.1,51.9,0.001,2,11.6,11,94.8,3,5.5,0.5,0.001,1,0.001,10.3,12,116.5,96.9,3,3.5,1,0.001,0.001,0.001,8.6,10,116.3,67.4,1,1,0.001,0.001,0.001,0.001,,,,,,,,,,,,,,,,,,,,,,,,,,,,,,,,,,,,,,,,,,,,,,,,,,,,,,,,,,,,,,,,,
narmada,MPH,1,0,0,508000,1288,207.5,198.5,204,,109.8,52.9,,,89.6,43.2,108.5,147.5,,,166.7,158.5,166.7,158.5,97.9,107.8,93.3,120.8,107.6,151.9,146,147.5,77.3,,129,11.8,18.8,25.9,17.1,161.9,118.2,112.8,143,13.1,114.9,54.8,47.9,21,18.3,68.4,128.3,96.2,99.9,88.3,148.3,61.8,87.8,56.1,44.2,53.8,104.3,65.2,,58.6,54,139.9,105.6,140,106.9,69.9,52,56.8,90,127.2,61.3,25.5,91.6,23,124,15.9,31.2,14.5,24.2,25,19.7,,31.8,38,,,123.8,113.9,13.8,12.1,125.5,115.6,14,18.2,13.5,,122.4,,,49.5,,,,,,,,,,51.5,51,39,,,,,,,,,,,,,,,,152.9,,,,,,,,,,,118.7,9.2,,,,,,,,,,,,,,,,,,,,,,,,,,,,,,,,,,,,,,,,,,,,,,,,,,,,,,,,,,,,,,,,,,,,,,,,,,,,,,,,,,,,,,,,,,,,,,,,,,,,,,,,,,,,,,,,,,,,,,,,,,,,,,,,,,,,,,,,,,,,,,,,,,,,,,,,,,,,,,,,,,,,,,,,,,,,,,,,,,,,,
eliye_springs,MPH,1,0,0,250000,1207.5,198,190.4,178.9,83.7,113.3,57.2,,,93.5,47.2,92.8,128.2,20,36.3,153.1,153.1,153,153.7,94.5,101.1,88.5,120.1,100.3,136.2,135,115.8,74.2,36.3,117.8,18.8,32.3,30.5,,162.6,104.9,103.5,131.5,13.3,112.8,52.2,46.3,24.7,21.9,73,116,91.2,90.3,66.5,135.5,58.6,90,62.9,32.7,45.3,138.9,77.3,55,57.6,53,132.1,105.6,138.1,113.4,64,47.6,48.5,87.7,125.4,63.3,25,105.8,25.5,130.4,16.8,25.6,16.2,21.2,21.3,29.5,124.1,33.7,54.1,,,116,,,,,114.2,,,,,,,,28.3,,,,,,,,26.5,22.4,51.5,47.9,,37,15.8,,62,,,,,,,,,,,,,26.7,14.1,52.8,87.1,,,,,,,91.2,11.7,,,,,,,,,,,,,,,,,,,,,,,,,,,,,,,,,,,,,,,,,,,,,,,,,,,,,,,,,,,,,,,,,,,,,,,,,,,,,,,,,,,,,,,,,,,,,,,,,,,,,,,,,,,,,,,,,,,,,,,,,,,,,,,,,,,,,,,,,,,,,,,,,,,,,,,,,,,,,,,,,,,,,,,,,,,,,,,,,,,,,
ndutu,MPH,1,0,0,350000,1100,181.6,177.9,177.7,94.5,93.5,51.5,,,97.4,53.6,106.8,139.7,21,37.2,139.4,132.3,139.4,134.3,96.4,89.1,,108.7,101.5,130.4,127.6,112.2,70,32,113.5,10.9,16.1,26.8,17.1,130.3,90.5,92.7,113,23.1,97,,,,,,93,85,74.1,60.3,118.5,65.3,86.6,61.7,53.5,44.7,138,54.5,57,49.4,47.4,,107.5,136.2,108.2,67.4,40.9,36.1,74.9,123.4,68,17.6,77,12.7,130.4,8.3,53.1,,10.8,,30,120,32,47.7,24.2,93.6,111.2,100.3,6.6,6.6,110.4,,10,9.2,,,,,,37.7,76.9,,85.2,,,,,21.9,21.1,,,33.7,27.7,13.4,57,53.7,47.5,,31.7,31.7,36.8,42,62,169.4,145.9,,,165.6,20.4,17.2,84.3,61.3,,,,,,,97.5,13.2,0.001,,,,,,,,,,,,,,,,,,,,,,,,,,,,,,,,,,,,,,,,,,,,,,,,,,,,,,,,,,,,,,,,,,,,,,,,,,,,,,,,,,,,,,,,,,,,,,,,,,,,,,,,,,,,,,,,,,,,,,,,,,,,,,,,,,,,,,,,,,,,,,,,,,,,,,,,,,,,,,,,,,,,,,,,,,,,,,,,,,,,
Homo_sp._rabat,HOMO,1,1,1,300000,,,,,,,,,,,,,,,,,,,,,,,,,,,,,,,,,,,,,,,,,,,,,,,,,,,,,,,,,,,,,,,,,,,,,,,,,,,,,,,,,,,,,,,,,,,,,,,,,,,,,25,,61.6,26.3,,,,,,,,,,,36.1,,42.2,45.2,47.6,59.3,61.8,67.1,151.9,121.9,,,,,,,,,,,,,,,,,,,,,,,,,,,,,,,,,,,,,,,,,,,,,,,,,,,,,,,,,15.1,,15.2,15.8,,,,,,,8.8,10,113.6,45.9,3,2,0.001,2,8.6,11.2,130.2,109.5,1.5,2,0.001,3,10.3,12.5,121.4,67.2,5,3,2,3,9.7,13.7,141.2,69.4,1,2,8.1,12.9,159.3,54.6,4,1,13.3,14.4,108.3,5,4,5,2,1,0.001,12.5,13.6,108.8,88.8,2,3.5,2.5,2,1,0.001,,,,,,,,,,,,,,,0.5,,,,,,1.5,,,,,0.001,,,,,2,,,,,5,,,,4,1,0.001,2,0.001,,,,,,,,,,,,,,4,1,1,2,0.001,,,,,,,,,,,,,
Homo_sp._stw53,HOMO,1,0,1,1900000,570,145.1,136,144.7,75,75,51.7,97.1,66.9,85.6,59,85.8,110.2,23.4,28.7,127.3,110,127.3,110,86.4,36.2,,73,,117.4,117,89,,24.6,102.4,10.3,17.4,21.1,8.2,126.4,83.2,80.3,107.7,20.9,76.9,38.9,50.6,17.7,23,67,93.6,,52.2,52.3,98.2,64.5,64.2,34.4,17.9,37.7,91.2,49.9,48.6,55.8,49.8,131,127.6,132.5,127.6,62.1,,,93.2,121,83.4,27.7,98.3,21.5,125.7,14.5,27.1,15.1,18.7,23.1,23.6,91,16.2,20.1,,103.2,89.7,87.1,7.9,9.1,93.3,,4.7,5.2,14.9,131.2,116.8,98.7,110,,69.4,23.9,68.8,47.8,24.8,70,23.5,18,16,,,31.6,26,,46.1,65.3,64.1,40.1,33.5,40,52.5,59.4,64,163.3,124.4,133.8,20.8,159.8,13.4,11,82.1,63,49,42.5,25,12.8,22.8,,92.3,7.7,23.5,,,,,,,,,,,,,,,,,,,,,,,,,,,,,,,,,,,,,,,,,,,,,,,,,,,,,,,,,,,,,,,,,,,,,,,,,,,7.5,12.1,161.3,70.4,,,8.7,12.4,142.5,83.7,0.001,0.001,10.4,12.4,119.2,5.5,5,,,0.001,1,12.9,14.5,112.4,145,5,4,2,0.001,0.001,1,12.7,15.4,121.3,151.7,3,5.5,6,1,0.001,1,,,,,,,,,,,,,,,,,,,,,,,,,,,,,,,,,,,,,,,,,,,,,,,,,,,,,,,,,,,,,,,,,
oh_9,ERC,1,0,0,1470000,1013,209,201,206.8,103.8,116,55.5,103,49.2,103.1,49.3,122,161.7,32,41,150.5,139.1,147.7,139.1,94.2,81.2,,122.8,83.3,140.5,137.5,112.5,67.4,,111.3,17.8,23.6,,12.8,150.4,92.2,94,133.3,18.8,119,76.4,64.2,21.8,18.3,49.5,97.5,84,76,72.8,119.7,44.2,70.9,47.3,37.2,46.1,102.6,56.5,71.4,41.6,37.4,137,96.2,150.1,98.8,90.5,33.9,37.6,83.7,145.3,69.5,29.1,96.4,22.5,134.2,14.9,37.4,24.3,23.5,32.2,12.6,114.2,30.4,33.1,29.7,,134.7,125.1,22,17.6,136.1,125.1,22.1,17.2,24.4,152.5,,,,63.6,,,,,,,,30.8,26.3,48.2,46.3,,,17.4,,,,,,,,,,,,,,142.1,,,,,,,,,,,106.3,14.1,,,,,,,,,,,,,,,,,,,,,,,,,,,,,,,,,,,,,,,,,,,,,,,,,,,,,,,,,,,,,,,,,,,,,,,,,,,,,,,,,,,,,,,,,,,,,,,,,,,,,,,,,,,,,,,,,,,,,,,,,,,,,,,,,,,,,,,,,,,,,,,,,,,,,,,,,,,,,,,,,,,,,,,,,,,,,,,,,,,,,
sh4,NE,1,0,0,430000,1360,187.5,,,,,,,,,,,,,39.7,152.8,,,,,,,117.1,,,,,,,128,,,,,,,,,,109,,,,,,105,,,,,,88.9,,,,,,,,,,,,,,,,,,,,,,,,,,,,,,,,,,,109,,,,,,,,,123,113.2,,,80.8,,,,,,,,,,40.7,33.6,36.1,,58.8,75.6,,,,,,,,,,112.8,,,,,,,,,,,,,,,,105.8,44.4,,,,,,,,,,69.5,,,,,,,,,,,,,,,,,,,,,,,,,,,,,,,,,,,,,,,,,,,,,,,,,,,,,,,,,,,,,,,,,,,,,,,,,,,,,,,,,,,,,,,,,,,,,,,,,,,,,,,,,,,,,,,,,,,,,,,,,,,,,,,,,,,,,,,,,,,,,,,,,,,,,,,,,,,,,,,,,,,,,,,,
sh5,NE,1,0,0,430000,1092,180.2,179.7,179.6,85.9,98.2,54.5,91.5,50.78,87.8,48.7,101.8,131.7,21.4,31,143.8,142.5,143.8,140.5,105.9,105,92.3,116,109.5,136.2,134.5,113.2,67.5,25.4,116.1,11.5,14.6,33.9,21.5,132.7,93.2,93.4,123.5,17.3,103.8,48.7,46.9,15.3,14.7,64.6,100.3,81.6,81.8,68.6,123.5,55.7,90.4,54,33.7,58.8,91.8,73.8,54.2,50.2,49.3,147,105,139.4,105,60.2,39.1,37.8,73,109.5,60.8,30.7,95.6,30.6,135.6,20.5,32.8,17.1,16.3,27.2,27.6,120.8,34.7,29.8,,116.2,122.7,108.6,18.1,16.7,124.2,113.8,10.6,14,13.6,140.1,129.1,106.2,86.6,39,80,21,71,66.5,25.8,69.1,31.2,32,28.2,44.2,42.4,33.2,39.3,19.2,57.3,73.7,60.8,49.3,43.1,59,63.3,69.6,70.2,124.9,116.4,102.6,47.1,149.6,29.6,15.6,52.7,90,61.7,49.3,39,14.1,21.5,73.3,99.5,7.5,27.1,88.9,45.8,65.9,58.1,47.2,31.9,15.5,25.7,19.1,21.3,105.6,83.7,103.9,107.5,55.9,92.8,61,34.7,36.3,36.4,35.1,36.3,54.5,93.1,92,86.3,77.9,21.5,21.2,35.3,48.8,54.2,59.9,67.7,70.6,25.7,33.9,37.8,39.3,42.2,16.5,16.8,15.6,15.2,15.8,9.1,22.9,35.5,37.5,12.8,7.5,7.9,105.3,56.6,4,,0.001,,,,,,,,,,,,,,,,,,,,,,,,,,,,,,9.6,10.9,113.5,3,3.5,,0.001,0.001,0.001,8.4,10.3,122.6,82.7,2.5,3,,0.001,0.001,0.001,9.4,10.8,114.9,97,2,0.001,,0.001,0.001,0.001,,,,,,,,,,,,,,,,,7,7.1,101.4,61.9,3,5.9,8,135.6,53.4,1.5,9.5,9.3,97.9,1,,,,0.001,10.2,10,98,115.4,,,1,,1,10.2,9.7,95.1,112,,,0,,0.001,,,,,,,,,,,,,
tabun_c1,NE,1,1,1,111000,1270.8,183.1,180.1,180.6,80,94.2,51.4,84.5,46.1,80.7,44.1,,,,,143.4,136.5,142.4,142.5,100.1,99.9,,125.1,119.9,138.3,136.4,118.4,95.9,,,8.8,12.1,23.1,13.1,136.2,99.1,96.9,130.6,,97.6,56.8,58.2,20.8,21.3,67.9,104.2,85.1,83.5,69.7,124.3,56.9,,56.8,29.4,,,,,51.5,49.3,132.5,,140.1,,60.3,31.2,47.1,71.1,118,64.4,16.2,123.5,17.9,162.8,16.5,37.8,,16.5,,20.4,131.7,,24.8,14.7,,114.5,105.7,14.1,13.3,115.5,,11.6,9.9,13.5,144,,,,34.6,74.9,18.4,82,72,21.9,80.7,,34.6,,,,34,38,17.5,56.9,71.8,51.7,38,44.7,45.1,53.5,60.8,70.3,159.2,134.2,,,149.7,35.4,18.1,51.1,89.6,,,,,,,118.6,8.4,7.3,96.7,37.7,54.9,42.5,34.2,41.6,9.1,19.7,26.5,28.1,109.6,72.4,100.7,105.4,63.5,81.4,61.5,25.2,28.4,26.4,24.8,24.7,50.6,104.3,110.1,87.8,79.9,,24.4,35.5,44.3,52.8,62,68.4,73.8,25.3,32.8,38.6,43.2,48.6,13.8,13.2,13.4,13,14.6,12.9,19.8,31.5,30.7,12.5,9.1,7.9,86.8,28.9,4,3,0.001,2,7.5,7.8,104,81.4,4,1.5,0.001,4,7.8,9,115.4,56.5,3.5,3,2,,7.4,9.9,133.8,59,0.001,0.001,6.6,9.8,148.5,52.1,0.001,0.001,10.9,11.4,104.6,2,5,1,0.001,0.001,0.001,10.6,11.5,108.5,98.1,2,3,2,0.001,0.001,0.001,8.7,10.1,116.1,70.7,1,0.001,0.001,0.001,0.001,0.001,5.5,6.6,120,37.9,0.5,7.1,8.1,114.1,158.4,60,2,7.6,8.1,106.6,64.3,0.001,8.1,8,98.8,67.6,2,5.8,8.5,170,51.5,3.5,10.3,9.3,90.3,2,0.001,1,0.001,1,11.2,10.1,90.2,118.1,1,0,1,0.001,1,10.4,9.6,92.3,104.2,1,1,0.001,1,1,37.3,33.7,29,,,,,,,,,,
tabun_c2,NE,0,1,1,111000,,,,,,,,,,,,,,,,,,,,,,,,,,,,,,,,,,,,,,,,,,,,,,,,,,,,,,,,,,,,,,,,,,,,,,,,,,,,,,,,,,,,,,,,,,,,,,,,,,,,,,,,,,,,,,,,,,,,,,,,,,,,,,,,,,,,,,,,,,,,,85,41.5,65.9,66.7,47.9,44.3,14.7,28.2,25.1,28.5,118.6,79.7,94.4,100.9,60.3,84.8,64.5,39.4,40.2,39.4,39.4,36,53.8,99,100.3,87.9,86.9,21.8,23.7,33.7,43.5,52.1,58.8,66.1,69.9,22.3,29.3,33.8,39.7,44,15.1,15.8,16,15.5,18.7,11.4,23.3,33.3,43.7,23.2,,,,,,,,,,,,,,,,,,,,,,,,,,,,,,,,,,,,,,,,,,,,,,,,,,,,,,,,,,,,,,,,,,6.2,7.7,124.2,42.2,0.001,6.7,8.8,131.3,123.5,52.1,0.001,7.7,9.3,120.8,63.3,0.001,7.9,8.9,112.7,62.2,1,7.4,9.1,123,59.5,2.5,11.2,10.1,90.2,,,,,0.001,11,10.3,93.6,100.2,1,,0.5,0.001,1,11.9,10,84,105.2,1,1,0.001,0.001,1,,,,,,,,,,,,,
spy_i,NE,1,1,1,40000,1531,199.6,198.9,198.1,93,100.4,50.3,105.5,52.9,92.2,46.2,,,,,144.7,137.5,143.5,144.7,100.8,101.6,,123.5,113.2,131.3,127.7,117.8,,,,12.9,19.5,20,9.2,136.6,108.7,106.4,120.5,,104,56.3,54.1,13.3,12.8,58.2,112.2,89.7,85.6,68.9,137.2,56.2,,52.2,42.4,,,,,47.5,46.3,150.9,,138.4,,65,31.2,46.8,86,135.3,67.8,18.9,85.2,18.8,105.2,6.6,21.8,23.7,15.7,26.8,27.2,121.8,,36,23.8,,122.7,113.2,24.4,21.6,122.8,,11,9.6,17.3,132.11,,,,35.6,,,,,,,,,,,,,,15.5,,,,,,,,,,,,,,133.3,,,,,,,,,,,95.8,9.3,,,,,,,,,,,,,,,,,,,,,,,,,,,,,,,,,,,,,,,,,,,,,,,,,,,,,,,,,,,,,,,,,,,,,,,,,,,,,,,,,,,,,,,,,,,,,,,,,,,,,,,,,,,,,,,,,,,,,,,,,,,,,,,,,,,,,,,,,,,,,,,,,,,,,,,,,,,,,,,,,,,,,,,,,37.9,39.8,22.3,198.6,432.3,233.7,54.1,175,1.1,18.4,,,
spy_ii,NE,1,0,0,40000,1287,196.3,192.3,194.9,87,112.2,57.2,105,53.5,92.7,47.2,,,,,151.5,141.6,151.4,151.5,100.1,107.5,,122.7,119.4,143.1,140.1,122.2,,,,8.5,17.5,24.1,15.1,141.6,113.1,106.8,133.5,,114.4,43.4,37.9,23,20.1,69.2,104.5,98.5,86.7,71.9,134.8,53.2,98,51,35.1,,,,,47.8,45.9,134.9,115,146.7,115,65.9,41.8,50.2,81.3,133.7,68.1,26.9,84.8,26.8,103.3,12.5,18.7,22.3,14,27.8,26.8,131.1,30.3,28.7,21.2,,121.4,114.6,26,22.7,122.2,,10.8,8.6,17.5,148,,,,36.5,,,,,,,,,,,,,,,,,,,,,,,,,,,,131.4,,,,,,,,,,,107.7,6.9,,96.8,,,,44.6,,,,,23.1,,79.8,92.3,97.8,62.4,,63.7,34.5,35.4,34.8,32.1,29.3,58.7,,105.4,89.7,89.2,,23.4,31.7,41.6,50.4,59.3,67.9,72.8,23.1,30.4,37.5,45.4,49.2,11.2,11.4,13.5,13.3,14.9,10.4,21.1,32.4,39.5,14.2,,,,,,,,,,,,,,,,,,,,,1,,,,6.2,10.4,167.7,56.5,,0.001,7,9.4,134.3,57.7,0.001,0.001,10.1,11.3,111.9,3,5,1,0.001,0.001,1,9.5,11.6,122.1,96.6,2,3.5,1,0.001,0.001,1,10.6,12.4,117,115.2,2.5,2.5,0.001,0.001,0.001,0.001,,6.6,,,,,7.2,,,,,7.6,8,105.3,52.6,,7.2,8.1,112.5,50.5,1,6.8,7.9,116.2,46.5,1,10.9,10.6,97.2,1,0.001,2.5,3,1,11.6,10.8,93.1,108.4,1,0.001,1,0.001,1,10.9,11,100.9,103.8,1,0.001,1,0.001,1,,,,230.9,580.5,349.6,59.8,224.8,1.1,14.8,,,
gibraltar1,NE,1,0,1,75000,1213,189.9,186.72,185,100,94.31,49.86,78,41.24,92.86,49.1,122.5,142,25,,143,136,138,143,108.5,104,97.1,126,122.2,120.5,130,122.64,72,,120.6,7.62,19.1,19.56,11.64,128.4,107.8,108,118.2,12.2,103,57.5,55.8,22.3,21.7,70.6,102,85.9,90.6,67.9,136.4,53.7,88.5,65.1,44.9,49.9,130.46,68.5,51.7,55.3,52.3,132.9,100.5,145,100.6,65.7,37,46.6,73.8,124,65.6,22.3,96.7,22.9,128.3,10.9,31.6,16.5,14.8,25.9,18.2,113,35.6,36.6,21.8,110.7,115.6,107.3,22.8,21.2,117,107.1,12.1,11.8,15.5,130,117.2,109.3,94.6,47.8,75.1,24,83.9,70.4,17.6,86.1,22.5,24.7,21.3,46.9,43.6,41.6,36.2,10.9,54.5,70.3,63.1,40.9,44.3,40.4,52.2,59.7,67.1,174.1,134.7,112.2,33.1,132.8,22.7,11,48.5,92.7,48,39.5,25.1,12.9,26.1,72.2,100,6.2,7.8,,,,,,,,,,,,,,,,,,,,,,,,,,,,,,,,,,,,,,,,,,,,,,,,,,,,,,,,,,,,,,,,,,,,,,,,,,,,,,,,,,,,,,,,,,,,,,,,,,,,,,,,,,,,,,,,,,,,,,,,,,,,,,,,,,,,,,,,,,,,,,,,,,,,,,,,,,,,,,,,,,,,,,,,,,,,,,,,,,,,
amud,NE,1,1,1,53000,1747,212,206.6,197.5,101,115.6,54.5,100,47.2,86.7,40.9,,,,,152.2,141.6,146.7,152.2,103.7,113.7,98.4,130,119.3,136.7,135.8,131.2,,,,14.4,20.7,33.7,18.6,133.7,119.2,120.6,128.5,,118.3,51.8,43.8,22.7,19.2,67.9,113.4,99.9,97.3,76.7,137.1,53.5,,68.9,43.2,,,,,51.6,48.9,137.2,,146,,67.5,36.4,30.6,87.9,134.1,63.3,19.2,82.9,17.8,117.4,5.7,35.1,18.9,22.1,31,19.2,141.8,,32.9,,,121.8,114.4,25.5,22.3,125.2,115.6,12.3,11.1,16.7,146.6,130.6,122.2,100.3,,87,20.2,93.6,69.1,23.5,78.8,26.7,30.5,29.2,48.1,46,37.5,34.3,16.5,66.4,77.2,52.5,42,51.1,41.7,54.5,61.3,69.7,185.1,141.7,112,41.1,131.5,29.6,14.1,47.6,96,54.9,47.4,33.3,9.8,32.1,55.7,109.9,8.4,-5.8,108.4,39.3,71.4,62.2,53.7,29.7,10.4,12.9,24.2,28.3,110.6,93.7,105,106.3,58.9,102.7,68.5,34.6,35.6,33.5,34.3,32.3,60.8,121.5,116.4,93.7,86,26.3,22.8,31,43.5,50.7,61.5,72.1,77.1,23,31.3,38.5,46,53.8,13.7,12.3,10.8,13.4,15.9,10.6,21.2,33.6,38.4,16.7,8.7,7.9,90.8,57.6,3,2,0.001,1,7.9,8.6,108.9,98.9,4,4,0.001,3.5,8,9.4,117.5,63,4,2.5,2,0.001,7.4,10.1,136.5,62.6,0.001,0.001,7,9.6,137.1,56.3,0.001,0.001,10.2,11.7,114.7,3.5,5.5,1,6,0.001,0.001,10.2,11.6,113.7,99.1,2,5.5,1,6,0.001,0.001,8.1,9.4,114.7,64.8,0.001,1.5,0.001,2.5,0.001,0.001,5.2,6.2,119.2,27.9,0.001,5.6,7.7,137.5,133.7,37.3,1,8.7,8.9,102.3,67,2,7.4,9.2,124.3,58.9,2,7.1,8.6,121.1,52.8,3.5,10.8,10.7,99.1,1,0.001,1,0.001,1,11.1,10.2,91.9,98,1,0.001,1,0.001,1,11.7,10.4,88.9,105.3,1,1,1,2,1,41.5,26.7,31.8,,,,,,,,,,
la_chapelle_aux_saint,NE,1,1,1,52000,1490,197.2,188.4,190.2,97.6,104.6,53,87.4,44.3,78.7,39.9,106.2,152,20.6,50.1,149,130.3,142.8,149,104.3,103.2,99.3,132.7,117.1,133.4,129.3,113.5,67.6,32.4,117.7,10.7,18.9,23.2,10.8,133.3,101,95.2,125.9,17.2,104.5,41.4,39.6,23.5,22.5,68,110.5,88.3,92.2,74.4,125.4,56,76.7,51.7,31,37.4,138.2,59.3,70,51,46.2,130.7,112.8,143.9,116.7,56.9,33,43.7,78.1,137.5,69.7,24.1,96.9,17.4,121.5,13.8,26.1,19.7,14.5,23.2,21.8,120.8,25,27.3,,118.1,113.9,105.6,17.8,16.9,109.7,103.9,11.1,9,15.2,141.8,121,107.4,94.3,68.4,72.8,16.7,74.5,73.1,21.6,87.9,24.5,23.5,20.9,44.7,42.9,36,36.5,12.4,56.2,68.1,60.3,43,46.8,44.5,,,,153,,102.6,42.3,141.6,21.3,13.5,63.4,76.6,51,46.2,31.3,7.7,22.4,75,102.9,9.1,17.8,70.4,43.3,48.7,55.1,43.6,37.5,3.5,19.6,19.8,22.9,100,76.6,98.9,98.9,65.8,87.8,69.3,30.4,,,,,49.4,95.8,101.1,79.8,,20.3,,,,,,,,,,,,,,,,,,,,,30.3,11.2,,,,,,,,,,,,,,,,,,,,,,,,,,,,,,,,,,,,,,,,,,,,,,,,,,,,,,,,,,,,,,,,,,,,,,,,,,,,,,,,,,,,,,,,,,,,,,,,,,,,,,,,,,,,,,,,,,,,,,,,,,,,,,,,,,
la_ferrassie_1,NE,1,0,1,70000,1643,209.6,204.6,201,107.5,116.9,55.8,113.4,54.1,106.7,50.9,121,161.8,23.8,43.6,159,140.8,158.9,159,100.1,108,95.7,125.4,113.6,147.1,143.7,119.3,77.3,34.2,136.9,10.8,20.2,28.1,14.6,147.4,114.4,111.2,138.4,22.9,122,57.3,47,23.1,18.9,65.5,110,98,88.9,59.6,143.6,52.5,97.9,64.7,43.9,47.9,135.1,71.9,66.9,50.8,47.8,138.6,114.3,143.8,120.5,73.4,41.8,37.6,84.7,133.7,63.8,26.5,109.5,24.3,138.1,16.8,27,19,18.1,28.1,33.3,131.2,29.7,36.8,,121.4,120.6,112.3,26.2,23.3,121.9,112.8,13.9,8.7,16.6,152.7,127.9,118.2,98,45.6,79.7,15,83.9,67.7,27.6,78.7,32.6,23.3,22.5,45.7,44.4,39,35.2,16.5,66.2,82.4,61.5,43.1,51.1,42.4,54.3,59.8,68.9,194.3,151.7,105.4,45.2,129,25.1,16.6,66.1,74.2,60.3,49.4,41.3,12.8,31.7,56.7,108,5.9,7.5,,,,,,,,,,,,,,,,,,,,,,,,,,,,,,,,,,,,,,,,,,,,,,,,,,,,,,,,,,,,,,,,,,,,,,,,,,,,,,,,,,,,,,,9.3,11.4,122.6,,,,,,,9.8,11.9,121.4,110,,,,,,,9.6,11.6,120.8,106.3,0,2.5,0.001,0.001,0.001,0.001,,,,,,,,,,,,,,,,,,,,,,,,,,,,,,,,,,,,,,,,,,,,,,,,,,,,,,,,,,,,,,,,,
shanidar_1,NE,1,0,1,50000,1650,202.2,200.6,193.4,95.7,111,54.9,89.1,44.1,83.6,41.3,113.2,152.6,21.6,43.1,152.8,140.2,153.9,152.8,99.3,104.2,97.8,125.5,123.8,134.1,132.8,118.3,77.8,30.6,132,9.9,17.4,21.6,16.1,135.7,112.5,116.3,127.8,20.2,114.4,50.9,44.5,17.7,15.5,68.2,115.8,94.8,87.6,69,133.9,57.3,98.7,61.5,39.8,52.7,116.7,75.5,63.8,51.7,50.9,145.2,113.6,134.3,116.9,65.9,39.2,29,78.8,129.6,64.1,26.7,116.9,23.9,150.8,19.3,33.5,16.2,17,25.5,17.7,133,31.4,42.1,,113.1,112.1,107.4,21.4,19.9,114.1,106.5,14.1,8.8,14.7,137.9,119.9,106,94.6,58.3,82.2,21.3,97.2,71.3,24.2,73.5,29.4,25.4,23.4,43.5,41,36.8,34.3,15.5,61.5,69.4,62.1,45,41.7,38.8,47.4,54.4,64.8,178.9,146.4,112.3,35.8,135.9,24,13.6,56.7,80.9,49,53.1,38.3,8.4,23.4,58.5,103.2,7.1,3.6,106.1,43.1,71.3,56.1,45.6,35.2,15,18.4,28.9,28.9,115.7,91.4,113.8,112.7,63.1,102.5,72.1,35.2,34.4,34.4,36.2,35,56.1,127.8,126.8,90.4,89,22.3,26.1,36,46.1,55.4,62.1,70.5,76.2,23.9,30.9,36.5,41.8,48.9,16.8,17.4,17.2,18,19.5,14.3,22.9,32.7,36,23.2,,,,,,,,,,,,,,,,,,,,,,,,,6.5,9.4,144.6,53.3,,,6.4,9.3,145.3,51.9,,,9.8,11.7,119.4,3,5,,0.001,0.001,0.001,9.2,11.5,125,92.3,2,4,2,0.001,0.001,0.001,8.9,11.5,129.2,89.3,1,3,2,0.001,0.001,0.001,,,,,,6.1,7.7,126.2,,41.8,1,8.2,9,109.8,65.7,2,7.5,9.1,121.3,60.8,3,6.4,8.7,135.9,49.6,3,10.4,10.8,103.8,1.5,0.001,1,0.001,1,10.9,10.7,98.2,103.8,2,1,1,0.001,1,11.7,10.2,87.2,106.3,2,0.001,1,1,1,,,,,,,,,,,,,
shanidar_2,NE,0,0,1,,,,,,,,,,,,,,,,,,,,,,,,,,,,,,,,,,,,,,,,,,,,,,,,,,,,,,,,,,,,,,,,,,,,,,,,,,,,,,,,,,,,,,,,,,,,,,,,,,,,,,,,,,,,,,,,,,,,,,,,,,,,,,,,,,,,,,,,,,,,,,,,,,,,,,,,,,,,,,,,,,,,,,,,,,,,,,,,,,,,,,,,,,,,,,,,,,,,,,,,,,,,,,,,,,,,,,,,,,,,,,,,,,,,,,,,,,,,,,,,,,,,,,,,,,,,,,,,,,,,,,,,,,,,,,,,,,,,,,,,,,,,,,,,,,,,,,,,,,,,,,,,,,,,,35.2,28,36.8,,,,,,,,,,
shanidar_5,NE,1,0,1,50000,1550,,,,98,111.8,,92.5,,86.5,,,,,,156.5,155.4,160.2,158.5,98.9,100.9,88.7,123.7,110.7,147.1,147.2,134.4,,,,9.1,14.5,29.6,15.1,154.1,104,107.7,139.8,,119.8,57.6,48.1,23.5,19.6,,110.6,96.5,104.8,,126.7,,,,,,,,,,,152.5,,130.1,,65.7,41.9,43.8,85.6,,,21.4,93.7,20.9,120.3,13.7,26.4,16.6,15.7,26.2,20.8,137.2,,,,,118.4,113.9,16.6,14.6,118.3,113.8,9.6,8.5,16.5,154.5,130,121,102.2,,83.7,24.8,59.1,61.7,26.3,69.1,28.1,21.1,19.2,47.4,46,39.1,39.7,12.9,59.9,79.7,60.3,42,48.9,44.4,,,,179.5,,111.3,40.7,147.3,26.5,6.9,26,117.5,64,49.2,40.2,14.6,33.3,66.2,128.7,8.5,,,,,,,,,,,,,,,,,,,,,,,,,,,,,,,,,,,,,,,,,,,,,,,,,,,,,,,,,,,,,,,,,,,,,,,,,,,,,,,,,,,,,,,,,,,,,,,,,,,,,,,,,,,9.2,11.8,128.3,,1,3,2,0.001,0.001,0.001,,,,,,,,,,,,,,,,,,,,,,,,,,,,,,,,,,,,,,,,,,,,,,,,,,,,,,,,,,,,,,,,,
cesaire,NE,1,1,1,41305,,,,,96,111.1,,,,,,,,,,153,147.3,150.2,153.1,101.9,98.9,91.4,112.9,110.4,133.4,133.9,,,,,,,,,,119.8,119.4,124.3,,113.2,57.3,50.6,18.4,16.3,,,95.2,,,,,,,,,,,,,,151.6,,,,61.5,42.3,42.5,87.4,,,,,,,,,,,,,,,,,,114.1,108.4,22.2,20.5,115.9,108.2,8.2,9.2,15.6,140.5,123.1,108.8,95.4,42.3,83.3,21.7,82.2,67.2,22.7,75.1,24,26.1,24.9,44.2,43.2,35.4,25.8,16.9,61.1,74.2,57,39.5,44,45.9,54.4,56.6,65.7,161.7,136.4,102.3,43.8,134.4,26.1,16.3,62.5,77.6,49,41.9,29.1,10.7,33.4,63.3,111.3,,7.6,106.3,38.1,,61.6,,,,,,,113.6,77.3,102.2,104.1,63,,67,33.2,32.6,32.6,32.4,27.8,54.9,,103.6,93.1,93,,24.3,32.6,41.7,49.9,60.5,66.9,74.8,21.4,31.3,35.9,42.3,47.5,14.2,14.1,12.6,13.5,12.9,10.2,22.1,32.7,37.6,14,9.1,7.4,81.3,56.7,3,2,0.001,1,7.3,7.4,101.4,80.2,5,3.5,0.001,1,7.8,8.8,112.8,57.8,3.5,3,2,0.001,7.6,9.6,126.3,61.5,0.001,0.001,7.2,9.6,133.3,58.2,0.001,0.001,10.6,11.2,105.7,3.5,6,2,2,0.001,0.001,9.6,12.1,126,97.8,4,3,0.5,2,0.001,0.001,9.5,12,126.3,96,2.5,3,1.5,2,0.001,0.001,4.8,6.9,143.8,30.6,0.001,5.8,7.2,124.1,126.1,38.6,1,7.2,8.3,115.3,55.3,5,7.9,8.7,110.1,63.6,2,6.6,8.1,122.7,49.5,2,10.7,10.1,94.4,2,0.001,1,0.001,1,11.4,9.3,81.6,98.1,2,1,1,0.001,1,11.5,10.3,89.6,109.6,2,0.001,1,0.001,1,,,,,,,,,,,,,
saccopastore_i,NE,1,0,1,250000,1234.3,184.7,183.2,179,87.5,100.4,54.4,84,45.5,82.2,44.5,101.7,138.6,22.3,37.2,142.6,128.2,134.5,142.6,106,101.3,93.5,121.1,110,125.6,125.3,115,68.2,35.5,108.9,11.7,17.1,24.2,10.2,125.7,101.8,97.9,115.1,7.1,110.2,54.3,49.3,22.2,20.1,66.6,99.4,86.4,86.8,68,122.6,53.8,88.7,57,34.2,47.1,121,70.3,60.1,49.5,47.4,136.1,116.4,147,116.1,55.8,41.3,42.4,75.3,114.7,62.1,18.7,92.8,17.2,124.9,8.2,32,,17.3,,26.5,115.7,27.7,29.7,,111.8,123.2,108.3,22.5,20.8,,108.3,,,,131,,,,60.5,79.3,17.6,80.4,85.3,24.1,97.9,23.1,27.6,24.6,44.2,41.5,38,33.2,16.4,61.3,67.9,59.5,48,39.6,43,49.1,56.6,66.2,157.9,138.3,103,41.9,139.4,22.9,12.7,55.5,83.3,47.5,,29.8,11.9,38.2,56.8,95.4,8.1,12.7,,,,,,,,,,,,,,,,,,,,,,,,,,,,,,,,,,,,,,,,,,,,,,,,,,,,10.9,,,,,,,,,,,,,,,,,,,,,,,,,,,,,,,,,,,10.5,11.7,111.4,3.5,4,2,0.001,0.001,0.001,9.6,11.4,118.8,89.1,2.5,3,4,0.001,0.001,0.001,9,10.6,117.8,77.7,1.5,2,0.001,0.001,0.001,0.001,,,,,,,,,,,,,,,,,,,,,,,,,,,,,,,,,,,,,,,,,,,,,,,,,,,,,,,,,,,,,,,,,
saccopastore_ii,NE,1,0,1,250000,1295,,,,101,,,92,,86.1,,,,,,144.8,130.7,141.1,,,,,,,134.2,135.2,105.8,84,,,12.4,16.6,31.1,11.4,131.4,,,129.3,,,,,,,,,,,,,,,,,,,,,,,,,,,57.7,,,,112.8,,26.5,99.4,26.3,132.6,13.3,33.4,22.4,14.5,30.6,28.4,,,,,,136.6,126.1,31,24.6,139.7,132.2,12.3,12.2,16.6,153.6,128.8,112.8,82.6,48.8,88.2,21.1,87.6,77.2,22.3,87.1,32.8,33.6,31.4,47.5,45.9,38.5,37.3,18.3,67,74,62.4,51.4,40.7,47.9,56.4,61.9,71.2,154.5,131.2,111.9,39.1,124.1,30.4,13.5,44.4,94.4,61.8,57.5,45.8,17,26.4,72,104.5,8.7,3.8,,,,,,,,,,,,,,,,,,,,,,,,,,,,,,,,,,,,,,,,,,,,,,,,,,,,,,,,,,,,,,,,,,,7.8,8.7,111.5,50.5,,,,,7.2,10.3,143.1,55.1,,,6.9,10.6,153.6,54.4,,,11.3,11.9,105.3,4,4,2,0.001,0.001,0.001,9.6,12.1,126,86.4,3,3,4,0.001,0.001,0.001,9.5,11.2,117.9,79.1,0.001,0.001,0.001,0.001,0.001,0.001,,,,,,,,,,,,,,,,,,,,,,,,,,,,,,,,,,,,,,,,,,,,,,,,,,,,,41,24,35,,,,,,,,,,
Neanderthal_type,NE,1,0,0,42000,1337.8,199,194.4,197.4,,111.6,56.1,,,,,,,,,,120.5,,144.8,,105.8,,120.9,108.7,,,90.8,,,,,,,,,,,,,115.7,55.1,47.6,21.2,18.3,60.9,104.4,99.9,68,51,132.2,52.5,,51.1,38.9,,,,,46.9,44.4,139.9,,144.8,,,,,,139.9,70.3,,,,,,,,,,19.3,,,42.8,,,118.8,109.8,20.9,19,119.2,,11.9,11,15.7,,,,,,,,,,,,,25.5,23.5,,,,,14.4,,,,,,,,,,,,,,142.9,,,,,,,,,,,,,,,,,,,,,,,,,,,,,,,,,,,,,,,,,,,,,,,,,,,,,,,,,,,,,,,,,,,,,,,,,,,,,,,,,,,,,,,,,,,,,,,,,,,,,,,,,,,,,,,,,,,,,,,,,,,,,,,,,,,,,,,,,,,,,,,,,,,,,,,,,,,,,,,,,,,,,,,,,,,,,,,,,,,,,,,,,,,,,,,,,
saldanha,MPH,1,0,0,350000,1216.667,201.4,192,194.8,,112.8,56,88,43.7,,,,,,,144.5,133.2,,144.5,,101.6,,117.7,90.8,,,111.7,,,,,,,,,,,,,114,57.4,50.4,20.2,17.7,63.3,109.7,92.2,87.4,65.6,136,54.5,,58.4,51.5,,,,,53.5,49.5,141.4,,138.6,,,,,,139.9,69.5,,,,,,,,,,32.2,,,46.1,19.5,,119.4,102.6,16,15.6,120.6,,22.2,16.3,17.9,,,,,,,,,,,,,,,,,,,,,,,,,,,,,,,,,143.5,,,,,,,,,,,,,,,,,,,,,,,,,,,,,,,,,,,,,,,,,,,,,,,,,,,,,,,,,,,,,,,,,,,,,,,,,,,,,,,,,,,,,,,,,,,,,,,,,,,,,,,,,,,,,,,,,,,,,,,,,,,,,,,,,,,,,,,,,,,,,,,,,,,,,,,,,,,,,,,,,,,,,,,,,,,,,,,,,,,,,,,,,,,,,,,,,
bodo,MPH,1,0,0,600000,1262.5,195,184,,98,103.4,53,,,,,99.4,,15.2,,150.5,143.7,,149.6,,97.8,77.3,117.7,106.3,148.5,147.6,,82.7,,127.3,,,,,145,110.1,108.9,139.4,20.2,106.6,60.3,56.6,17.1,16,60.5,109,93.5,,,,55.8,,56,56,,,,,51.5,48,144.1,,143,,61,39.5,50.3,96.4,134.6,69,,,,,,,,19.8,,,126.5,,,,116.8,136,125.6,18.7,14.9,135.3,126.5,10.3,9.9,17,160,148.4,135.2,99.4,30.7,86.2,21.6,71.4,50,26,71.9,30.5,28.7,31.5,50.7,49.6,38.6,41.8,11.1,64.2,84,68.9,47.3,54.9,49.3,61.3,69.5,80,170.4,137,127.2,33.7,145.9,29.6,12.7,42.9,97.4,54,54.4,39.5,15.3,26,58.3,124.5,,27.3,,,,,,,,,,,,,,,,,,,,,,,,,,,,,,,,,,,,,,,,,,,,,,,,,,,,,,,,,,,,,,,,,,,,,,,,,,,,,,,,,,,,,,,,,,,,,,,,,,,,,,,,,,,,,,,,,,,,,,,,,,,,,,,,,,,,,,,,,,,,,,,,,,,,,,,,,,,,,,,,,,,,,,,,,,,,,,,,,,,,
ternifine_1,MPH,0,1,1,750000,,,,,,,,,,,,,,,,,,,,,,,,,,,,,,,,,,,,,,,,,,,,,,,,,,,,,,,,,,,,,,,,,,,,,,,,,,,,,,,,,,,,,,,,,,,,,,,,,,,,,,,,,,,,,,,,,,,,,,,,,,,,,,,,,,,,,,,,,,,,,,,,,,,,,,,,81.8,,,69.8,,74.1,32.7,33.7,34.3,35,33.6,51.3,,104.6,91.2,87.1,,23.8,37.1,46.4,56,65.4,72.7,79,19.8,29.5,36.5,43.8,52.1,16,15.8,16.4,17.8,21.3,11.5,25.4,38.6,35.1,16.5,,,,,,,,,,,,,,,,,,,,,,,,,,,,,,,,,,,,,,,,,,,,,,,,,,,,,,,,,,,,,,,,,,,,,,,5.5,6.8,123.6,,26.8,0.001,,,,,,8.2,9.6,117.1,56.3,1,7.5,9.7,129.3,52.1,1.5,12.7,11,86.6,3.5,0.001,1,1,0.5,12.5,12.2,97.6,109.2,4,0.5,1,1,0.001,11.9,11.5,96.6,98,3,0.001,1,0.001,0.001,,,,,,,,,,,165,678.4,24.7
ternifine_2,MPH,0,1,1,750000,,,,,,,,,,,,,,,,,,,,,,,,,,,,,,,,,,,,,,,,,,,,,,,,,,,,,,,,,,,,,,,,,,,,,,,,,,,,,,,,,,,,,,,,,,,,,,,,,,,,,,,,,,,,,,,,,,,,,,,,,,,,,,,,,,,,,,,,,,,,,88.9,44.6,69,67.3,57.1,34.7,8.9,14.4,25,30,104.6,79.1,83.6,90.1,66.8,85,69.1,29.3,28.8,31.1,31,28.6,45.3,110,103.6,82.2,77.8,,22.3,34.7,43.7,53,61.2,68.6,76,23.2,27.9,36.1,41.7,46.9,16.3,15,14.1,14.3,17.4,10.3,22.4,40,31.7,15.7,,,,,,,,,,,,,,,,,,,,,,,,,,,,,,,,,,,,,,,,,,,,,,,,,,,,,,,,,,,,,,,,,,,,,,,,,,,,,,,,,,8.3,10.2,122.9,53.9,1,8.6,10.1,117.4,55.3,1.5,13.3,11.8,88.7,3.5,0.001,1,1,0.001,13.7,12,87.6,104.8,4,1,1,0.001,0.001,12.9,11.2,86.8,92.1,4,0.001,2,0.001,0.001,,,,372.6,809.7,437,53.7,284,1.4,17.7,142.9,648.4,22.1
ternifine_3,MPH,0,1,1,750000,,,,,,,,,,,,,,,,,,,,,,,,,,,,,,,,,,,,,,,,,,,,,,,,,,,,,,,,,,,,,,,,,,,,,,,,,,,,,,,,,,,,,,,,,,,,,,,,,,,,,,,,,,,,,,,,,,,,,,,,,,,,,,,,,,,,,,,,,,,,,109.2,44.5,85.4,78.1,67.4,33.9,13.4,22.3,21.2,26.1,106.6,82.6,107.3,112.2,67.5,109.9,75.1,39.9,34.8,38.7,36.8,34.4,52.4,123,125.4,95.6,94.6,26.7,25,38.1,50.6,56.7,64.3,74.3,79.3,21.7,28.7,37.4,41.9,51,19.1,17.4,16.5,16.1,17.8,11.3,24.6,36.1,36.6,17.9,,,,,,,,,,,,,,,,,,,,,,,,,,,,,,,,,,,,,,,,,,,,,,,,,,,,,,,,,,,,,,,,,,,,,,,5,7,140,,26.1,0.001,7.7,9.6,124.7,55,0.001,8.8,9.4,106.8,61.6,2.5,8.3,9.6,115.7,59.3,2,12.1,11.1,91.7,2.5,0.001,1,0.001,0.001,11.1,11.6,104.5,95.9,4,0.001,1,0.001,0.001,11.6,10.9,94,94.1,3,0.001,1,0.001,0.001,,,,,,,,,,,,,
ternifine_4,MPH,1,0,0,750000,1300,,,,,,,,,,,,,,,140,126.9,,137.8,,,,,,,,117.4,,,,,,,,,,,,,,,,,,,87.4,81.2,78.3,,124.8,,,,,,,,,,,,,147.6,,,,,,,,,,,,,,,,,,,,,,,,,,,,,,,,,,,,,,,,,,,,,,,,,,,,,,,,,,,,,,,,,,,,,,,,,,,,,,,,,,,,,,,,,,,,,,,,,,,,,,,,,,,,,,,,,,,,,,,,,,,,,,,,,,,,,,,,,,,,,,,,,,,,,,,,,,,,,,,,,,,,,,,,,,,,,,,,,,,,,,,,,,,,,,,,,,,,,,,,,,,,,,,,,,,,,,,,,,,,,,,,,,,,,,,,,,,,,,,,,,,,,,,,,,,,,,,,,
xiahe,MPH,0,1,1,159750,,,,,,,,,,,,,,,,,,,,,,,,,,,,,,,,,,,,,,,,,,,,,,,,,,,,,,,,,,,,,,,,,,,,,,,,,,,,,,,,,,,,,,,,,,,,,,,,,,,,,,,,,,,,,,,,,,,,,,,,,,,,,,,,,,,,,,,,,,,,,93.3,,,,,,,,,,,69,94,97,62,,63.9,31.5,32.7,32.8,30,26.9,55,,,88.4,83.1,,28.3,42.9,49.4,55.6,65.5,70.9,,28.9,32.1,38.9,40.3,44.2,19,18.5,17.9,20.9,23.1,14.5,26.3,30,33.6,14.8,,,,,,,,,,,,,,,,,,,,,,,,,,,,,,,,,,,,,,,,,,,,,,,,,,,,,,,,,,,,,,,,,,,,,,,,,,,,,,,,,,,,,,,,,,,,15.1,12.5,82.8,4,0.001,0.001,2,1,14.5,14.1,97.2,108.3,4,0.001,0.5,2.5,1,,,,,,,,,,,,,,,,,,,,,,
Homo_altaiensis,MPH,0,0,1,40000,,,,,,,,,,,,,,,,,,,,,,,,,,,,,,,,,,,,,,,,,,,,,,,,,,,,,,,,,,,,,,,,,,,,,,,,,,,,,,,,,,,,,,,,,,,,,,,,,,,,,,,,,,,,,,,,,,,,,,,,,,,,,,,,,,,,,,,,,,,,,,,,,,,,,,,,,,,,,,,,,,,,,,,,,,,,,,,,,,,,,,,,,,,,,,,,,,,,,,,,,,,,,,,,,,,,,,,,,,,,,,,,,,,,,,,,,,,,,,,,6,3,2,5,0.001,0.001,,,,,4.5,4,5,0.001,0.001,0.001,,,,,,,,,,,,,,,,,,,,,,,,,,,,,,,,,,,,,,,,,,,,,,,,,,,,,,,,,,,,,,,,,
dali,MPH,1,0,0,263000,1120,212.2,202.2,203.5,96,114.4,53.9,97,45.7,97.5,45.9,108.2,147.4,25.7,41.1,156.4,139,156.7,155.1,99,105.7,90.4,122.7,110,145.8,144.3,121.4,80.6,31.5,116.4,18.4,24.6,26.6,15.2,140.6,102.9,101.6,135.3,13.6,114.9,47.7,41.5,25.4,22.1,68.3,109.3,91.4,91.8,76,131.9,51.5,90.3,69.2,49.5,39,177.4,64.5,63.9,51.8,47.2,129.7,94.2,145.8,98.4,70.9,46.5,46.8,89.9,131.4,61.9,25.6,101.2,23.2,136.9,12.9,34.9,18.3,21.3,29.5,26.7,123.8,41.7,40.8,26.4,107.8,124.4,116.9,20.4,17.5,129,116.9,18,13,19.2,143.8,126.5,111.4,89.5,59.4,64.1,16.8,82.1,55.1,,,22.6,20.6,23.5,50.5,51,34.2,34.9,8.5,48.4,73.9,69.1,49.8,40.3,51.3,62,66.2,67.2,144.1,119.2,122.6,30.5,141.8,24.7,12.1,49,91.4,54,43.1,32.9,10.8,16.9,50.3,104.7,6.5,5.6,,,,,,,,,,,,,,,,,,,,,,,,,,,,,,,,,,,,,,,,,,,,,,,,,,,,,,,,,,,,,,,,,,,,,,,,,,,,,,,,,,,,,,,,,,,,,,,,,,,,,,,,,,,,,,,,,,,,,,,,,,,,,,,,,,,,,,,,,,,,,,,,,,,,,,,,,,,,,,,,,,,,,,,,,,,,,,,,,,,,
hualongdong,MPH,1,1,1,303000,1150,,,,,95.5,,,,,,,,,,144,,,138,,104,,115.7,,,,,,,,,,,,,,100,,,98.2,,,19.5,19.9,,95.5,,,,,,,,,,,,,,,134.9,,141.3,,,45,,,,,,,,,,,,,,,,,,,,,,,,122,109,16.5,11.5,15.2,,,111.5,,,80.6,16.8,91,,,93,25,,,,43,40.6,30,,63.5,74,,,46,,,,,,,,,154.2,,,,,,,,,,,,,,81.3,39.4,,,,,,,,,,79,,,,,,25.9,,,23.1,23.4,,,103.2,92.8,83.1,,28.4,40.2,52.7,61.5,75.7,77.1,,29.4,38.5,44.5,50.8,54.8,13.8,13,,14.8,16.4,12.6,25.5,25.1,27.5,13.5,,,,,,,,,5.8,6.9,119,,4,3,0,0.001,,,,,,,,,7.7,9.9,129.9,53.1,2.5,2.5,,,,,,,11.6,12.4,106.9,3,5,3.5,0.5,0.001,0.001,11.5,12.9,112.7,102.7,3,3,2.5,1,0.001,0.001,7.6,9.2,121.1,48.2,,,,,,,,,,,,,,,,,,6.2,8.4,132.2,36.2,0.001,,,,,,8.8,9.6,109.1,60.2,1,12.8,11,86.3,3.5,0.001,0.001,2,1,12.8,10.9,85.3,99.7,3.5,0.001,0.5,2,1,9.8,9.5,96.9,66.4,4,0.001,1,2,0.001,,,,,,,,,,,,,
Homo_longi,MPH,1,0,1,223000,1400,221.3,212.9,218.3,107.6,122.2,55.2,116.1,52.5,104.8,47.4,117.5,152.2,23.7,38,164.1,154.6,164.1,157.4,95.9,116.1,88.7,128.1,121.9,159.1,158.8,134.4,76.7,30.6,132.6,21.3,25.4,30.6,14.2,147.5,113.9,109.5,147.9,18.8,125.1,58.6,46.8,25.3,20.2,64,106.1,93.9,105.8,81.7,146,47.9,103.1,79.8,56.7,62.2,128.3,77.9,58.2,50.9,46.9,135.9,93.4,146.5,93.3,71.4,52.9,52.8,83.3,143.4,64.8,22.5,94.8,23.1,128.4,14.5,38.6,17.4,24.8,29.9,33.4,130.7,47.7,42.2,25.1,125.1,140.2,130.9,27.1,20.7,145.7,130.9,15,15.5,21.4,162.4,138.6,113.8,81.2,54.8,76.4,16.2,78,57.9,19.5,81.5,28.3,24.7,31.4,52.4,57.3,41.6,36.2,17.9,61,79.2,74,45.8,39,68.8,73.1,74.6,74.5,115.1,108.3,112.3,38.2,135.2,29.9,16.2,54.2,85.8,52.7,52.1,33.9,11.5,18.9,67.9,116.2,11.8,15.8,,,,,,,,,,,,,,,,,,,,,,,,,,,,,,,,,,,,,,,,,,,,,,,,,,,,,,,,,,,,,,,,,,,,,,,,,,,,,,,,,,,,,,,,,,,,,,,,13.6,16.6,122.1,,1,3,0.5,0.001,0.001,1,,,,,,,,,,,,,,,,,,,,,,,,,,,,,,,,,,,,,,,,,,,,,,,,,,,,,,,,,,,,,,,,,,,,,,,,,,,
jinniushan,MPH,1,0,1,255000,1390,203.6,195.4,191.6,87.9,112.4,55.2,104,51.1,97.8,48,97.9,147.7,22.6,52.6,144.1,140.9,144.1,143.8,99.8,109,88.8,127.1,115.3,139.2,132.8,126.4,80.9,35.4,110.7,17.6,20.9,20.5,14.8,128,99.7,97.1,128.7,12.9,113.5,57.3,50.5,21.4,18.9,59.8,104.7,95.7,79.9,72.6,121.7,51.4,72.7,53.2,39.6,39.2,135.7,58.4,70.6,48.6,45,138.7,95.6,142,102.8,68.5,41.2,50.2,87.6,141.9,69.7,20.7,100.4,21.4,131.7,13,30.4,14.5,15.4,23.4,29.3,117,33.8,31.3,,101.6,129,122.7,21.4,17.4,135.5,122.7,10.8,13.4,15.8,148.5,130.9,116.9,90.6,58.5,72.5,19.7,82.9,74.1,23,86.7,27.6,26.2,33.6,46.4,50.7,36,31.8,13,52.1,65.5,65.1,39.5,34.8,46.4,54.7,60.5,64.8,141.2,119.7,119.5,33.9,142.7,31,11.6,37.4,103.4,52,41.6,35.4,10.4,21.2,58.8,97.7,9.3,9.1,,,,,,,,,,,,,,,,,,,,,,,,,,,,,,,,,,,,,,,,,,,,,,,,,,,10.1,8.5,84.2,59.7,2,2,0.001,0.001,7.9,7.8,98.7,42.9,3,2.5,0.001,0.001,8.8,9.5,108,58.2,1,3,2,0.001,8.2,10.6,129.3,60.5,0.001,1.5,7.9,10.6,134.2,58.3,0.001,1.5,11.5,12.5,108.7,1.5,4.5,1.5,1,1,0.001,11.1,12.3,110.8,95,2,3,4,0.001,0.001,1,8.5,9.9,116.5,58.5,0.5,1.5,2,0.001,0.001,0.001,,,,,,,,,,,,,,,,,,,,,,,,,,,,,,,,,,,,,,,,,,,,,,,,,,,,,,,,,,,,,,,,,
maba,MPH,1,0,0,254000,1300,196.5,188.5,,,104.1,53,,,,,,,,,,,,146,,98.1,91.3,116.6,112.7,,,,,,,,,,,,,,,,107.9,53.6,49.7,22.6,20.9,69,112.1,89,,,,57,,52,52,,,,,51.5,48.5,134.7,,139.2,,,,,,140,71.2,,,,,,,,,,,,,,,,117.2,107.4,18.8,17.5,119,107.4,12.4,9.5,16.8,,114.2,,,48.2,,,,,,,,19.9,22.4,47,45.5,38,,13.4,,,,,,,,,,,,,,143,20.1,12.4,61.7,75.7,,,,,,,,,,,,,,,,,,,,,,,,,,,,,,,,,,,,,,,,,,,,,,,,,,,,,,,,,,,,,,,,,,,,,,,,,,,,,,,,,,,,,,,,,,,,,,,,,,,,,,,,,,,,,,,,,,,,,,,,,,,,,,,,,,,,,,,,,,,,,,,,,,,,,,,,,,,,,,,,,,,,,,,,,,,,,,,,,,,,,,,,,,,,,
xuchang,MPH,1,0,0,115000,1800,217,212,217,,103,47.5,112,51.6,103.8,47.9,,,,,177,167,177,170.7,96.4,122.8,,138.8,138.8,173.62,165.1,136.7,,,,13.9,20.9,19.1,14.1,166.1,114.6,103.9,158.5,,104.9,51.8,49.4,20.8,19.8,64.5,109.2,100.5,99.3,80.4,146.4,50.4,,84.2,82.3,,,,,51.4,47.2,137.3,,152.7,,70.8,39.8,38.7,76.1,140,64.6,,,,,,,19.4,,,33,,,60.2,,,140,120,13.1,10.9,140.7,,13.8,12.7,,,,,,,,,,,,,,,,,,,,,,,,,,,,,,,,,,,,,,,,,,,,,,8,,,,,,,,,,,,,,,,,,,,,,,,,,,,,,,,,,,,,,,,,,,,,,,,,,,,,,,,,,,,,,,,,,,,,,,,,,,,,,,,,,,,,,,,,,,,,,,,,,,,,,,,,,,,,,,,,,,,,,,,,,,,,,,,,,,,,,,,,,,,,,,,,,,,,,,,,,,,,,,,,,,,,,,,,,,,,,,,,,,,,
